sensor_index,name,timestamp,pm1_0,pm2_5,AQ
33027,Lagos del Bosque,2025-05-16T16:24:29.591102Z,30.1,45.0,No saludable para grupos sensibles
33117,Liceo de Monterrey,2025-05-16T16:24:29.591102Z,41.4,63.7,No saludable
34441,Callejon de los Ayala,2025-05-16T16:24:29.591102Z,19.9,32.8,Moderado
34499,San Patricio #106,2025-05-16T16:24:29.591102Z,0.0,0.0,Bueno
34511,Rosario,2025-05-16T16:24:29.591102Z,31.9,49.2,No saludable para grupos sensibles
36709,San Roberto International School Campus San Agustin,2025-05-16T16:24:29.591102Z,21.1,31.8,Moderado
42211,RF,2025-05-16T16:24:29.591102Z,45.2,62.6,No saludable
43627,Liceo de Monterrey Rosemont,2025-05-16T16:24:29.591102Z,31.2,46.0,No saludable para grupos sensibles
45769,Huascaran,2025-05-16T16:24:29.591102Z,33.2,47.3,No saludable para grupos sensibles
46599,Esponosa,2025-05-16T16:24:29.591102Z,19.9,27.0,Moderado
47233,Colegio Israelita de Mty,2025-05-16T16:24:29.591102Z,15.3,19.2,Moderado
49949,El Horizonte,2025-05-16T16:24:29.591102Z,32.8,49.2,No saludable para grupos sensibles
50555,Treviño,2025-05-16T16:24:29.591102Z,29.8,44.7,No saludable para grupos sensibles
50871,TEC Garza Laguera,2025-05-16T16:24:29.591102Z,68.0,81.1,No saludable
60027,Torre Koi,2025-05-16T16:24:29.591102Z,32.7,47.5,No saludable para grupos sensibles
62831,Koi IdeI,2025-05-16T16:24:29.591102Z,11.9,17.5,Moderado
71091,JNAirCare,2025-05-16T16:24:29.591102Z,23.4,38.9,No saludable para grupos sensibles
84411,Sima UANL,2025-05-16T16:24:29.591102Z,33.0,48.6,No saludable para grupos sensibles
93711,Sima Prepa Militarizada,2025-05-16T16:24:29.591102Z,21.6,28.5,Moderado
119965,Grupo Reforma El Norte,2025-05-16T16:24:29.591102Z,34.2,49.7,No saludable para grupos sensibles
121719,GrupoReforma La Silla,2025-05-16T16:24:29.591102Z,1.2,4.0,Bueno
142670,Estación de Monitoreo de Calidad del Aire Comité Estatal PAN,2025-05-16T16:24:29.591102Z,31.5,46.1,No saludable para grupos sensibles
147010,Santa Barbara,2025-05-16T16:24:29.591102Z,31.9,45.1,No saludable para grupos sensibles
169221,Imobilem Piso 5,2025-05-16T16:24:29.591102Z,38.4,55.5,No saludable
173083,Palo Blanco,2025-05-16T16:24:29.591102Z,0.0,0.0,Bueno
174781,Colegio Cambridge de Monterrey Campus Mitras,2025-05-16T16:24:29.591102Z,33.8,43.1,No saludable para grupos sensibles
174787,Colegio Cambridge de Monterrey Campus Norte,2025-05-16T16:24:29.591102Z,29.5,36.8,No saludable para grupos sensibles
175081,Cabaña Chipinque,2025-05-16T16:24:29.591102Z,4.4,5.4,Bueno
189431,BEA,2025-05-16T16:24:29.591102Z,34.0,50.6,No saludable para grupos sensibles
189435,Olinalá,2025-05-16T16:24:29.591102Z,37.8,59.2,No saludable
189447,RÍO AMAZONAS - CALZADA NORTE,2025-05-16T16:24:29.591102Z,0.0,0.0,Bueno
189455,CHIPINQUE CAV,2025-05-16T16:24:29.591102Z,40.8,64.6,No saludable
189469,Hospital Zambran Hellion TecSalud,2025-05-16T16:24:29.591102Z,37.9,58.4,No saludable
203705,Miguel Alemán,2025-05-16T16:24:29.591102Z,30.0,40.0,No saludable para grupos sensibles
208785,Colegio Cambridge de Monterrey Campus Anáhuac,2025-05-16T16:24:29.591102Z,39.4,48.7,No saludable para grupos sensibles
209147,Rincon de San Jeronimo,2025-05-16T16:24:29.591102Z,35.2,52.0,No saludable para grupos sensibles
226601,Universidad y Sor Juana Ines de la Cruz,2025-05-16T16:24:29.591102Z,5.4,6.5,Bueno
226615,Andalucia,2025-05-16T16:24:29.591102Z,27.0,38.1,No saludable para grupos sensibles
227585,Impladem,2025-05-16T16:24:29.591102Z,32.3,41.1,No saludable para grupos sensibles
227879,Rectoria,2025-05-16T16:24:29.591102Z,39.0,50.8,No saludable para grupos sensibles
227889,Parque Central,2025-05-16T16:24:29.591102Z,35.6,47.2,No saludable para grupos sensibles
227913,Centro de Congresos,2025-05-16T16:24:29.591102Z,38.1,49.4,No saludable para grupos sensibles
227925,Jardín de las carreras,2025-05-16T16:24:29.591102Z,33.8,45.1,No saludable para grupos sensibles
227965,PrepaTec EGS Aulas 2,2025-05-16T16:24:29.591102Z,38.7,51.3,No saludable para grupos sensibles
228003,EGL-Jardín Robótica,2025-05-16T16:24:29.591102Z,35.0,48.6,No saludable para grupos sensibles
228383,Estadio Banorte,2025-05-16T16:24:29.591102Z,36.9,46.0,No saludable para grupos sensibles
228389,PEGS-Sensor-Canchas,2025-05-16T16:24:29.591102Z,42.4,52.8,No saludable para grupos sensibles
228407,CEDES,2025-05-16T16:24:29.591102Z,36.8,48.6,No saludable para grupos sensibles
228549,Rectoria,2025-05-16T16:24:29.591102Z,0.0,0.0,Bueno
228555,EGL-JARDÍN ROB,2025-05-16T16:24:29.591102Z,31.6,43.6,No saludable para grupos sensibles
33027,Lagos del Bosque,2025-05-16T16:42:57.033147Z,32.1,48.2,No saludable para grupos sensibles
33117,Liceo de Monterrey,2025-05-16T16:42:57.033147Z,38.9,58.7,No saludable
34441,Callejon de los Ayala,2025-05-16T16:42:57.033147Z,20.2,32.6,Moderado
34499,San Patricio #106,2025-05-16T16:42:57.033147Z,0.6,1.3,Bueno
34511,Rosario,2025-05-16T16:42:57.033147Z,32.8,51.2,No saludable para grupos sensibles
36709,San Roberto International School Campus San Agustin,2025-05-16T16:42:57.033147Z,22.0,33.1,Moderado
42211,RF,2025-05-16T16:42:57.033147Z,44.3,62.7,No saludable
43627,Liceo de Monterrey Rosemont,2025-05-16T16:42:57.033147Z,31.5,46.7,No saludable para grupos sensibles
45769,Huascaran,2025-05-16T16:42:57.033147Z,34.6,49.2,No saludable para grupos sensibles
46599,Esponosa,2025-05-16T16:42:57.033147Z,20.8,27.1,Moderado
47233,Colegio Israelita de Mty,2025-05-16T16:42:57.033147Z,15.3,19.2,Moderado
49949,El Horizonte,2025-05-16T16:42:57.033147Z,33.4,49.6,No saludable para grupos sensibles
50555,Treviño,2025-05-16T16:42:57.033147Z,30.7,45.4,No saludable para grupos sensibles
50871,TEC Garza Laguera,2025-05-16T16:42:57.033147Z,67.5,81.0,No saludable
60027,Torre Koi,2025-05-16T16:42:57.033147Z,33.1,47.8,No saludable para grupos sensibles
62831,Koi IdeI,2025-05-16T16:42:57.033147Z,14.1,19.4,Moderado
71091,JNAirCare,2025-05-16T16:42:57.033147Z,25.9,39.6,No saludable para grupos sensibles
84411,Sima UANL,2025-05-16T16:42:57.033147Z,32.7,48.5,No saludable para grupos sensibles
93711,Sima Prepa Militarizada,2025-05-16T16:42:57.033147Z,21.6,28.5,Moderado
119965,Grupo Reforma El Norte,2025-05-16T16:42:57.033147Z,34.6,50.7,No saludable para grupos sensibles
121719,GrupoReforma La Silla,2025-05-16T16:42:57.033147Z,1.2,4.0,Bueno
142670,Estación de Monitoreo de Calidad del Aire Comité Estatal PAN,2025-05-16T16:42:57.033147Z,33.2,46.7,No saludable para grupos sensibles
147010,Santa Barbara,2025-05-16T16:42:57.033147Z,32.9,45.8,No saludable para grupos sensibles
169221,Imobilem Piso 5,2025-05-16T16:42:57.033147Z,36.5,57.0,No saludable
173083,Palo Blanco,2025-05-16T16:42:57.033147Z,0.0,0.0,Bueno
174781,Colegio Cambridge de Monterrey Campus Mitras,2025-05-16T16:42:57.033147Z,38.1,45.3,No saludable para grupos sensibles
174787,Colegio Cambridge de Monterrey Campus Norte,2025-05-16T16:42:57.033147Z,29.8,36.6,No saludable para grupos sensibles
175081,Cabaña Chipinque,2025-05-16T16:42:57.033147Z,4.4,5.4,Bueno
189431,BEA,2025-05-16T16:42:57.033147Z,34.6,51.4,No saludable para grupos sensibles
189435,Olinalá,2025-05-16T16:42:57.033147Z,39.0,61.0,No saludable
189447,RÍO AMAZONAS - CALZADA NORTE,2025-05-16T16:42:57.033147Z,0.0,0.0,Bueno
189455,CHIPINQUE CAV,2025-05-16T16:42:57.033147Z,39.1,62.5,No saludable
189469,Hospital Zambran Hellion TecSalud,2025-05-16T16:42:57.033147Z,36.0,54.8,No saludable para grupos sensibles
203705,Miguel Alemán,2025-05-16T16:42:57.033147Z,30.7,41.4,No saludable para grupos sensibles
208785,Colegio Cambridge de Monterrey Campus Anáhuac,2025-05-16T16:42:57.033147Z,39.7,48.4,No saludable para grupos sensibles
209147,Rincon de San Jeronimo,2025-05-16T16:42:57.033147Z,36.4,54.2,No saludable para grupos sensibles
226601,Universidad y Sor Juana Ines de la Cruz,2025-05-16T16:42:57.033147Z,5.4,6.5,Bueno
226615,Andalucia,2025-05-16T16:42:57.033147Z,27.0,37.3,No saludable para grupos sensibles
227585,Impladem,2025-05-16T16:42:57.033147Z,31.4,40.6,No saludable para grupos sensibles
227879,Rectoria,2025-05-16T16:42:57.033147Z,40.1,51.1,No saludable para grupos sensibles
227889,Parque Central,2025-05-16T16:42:57.033147Z,35.6,47.2,No saludable para grupos sensibles
227913,Centro de Congresos,2025-05-16T16:42:57.033147Z,38.5,49.6,No saludable para grupos sensibles
227925,Jardín de las carreras,2025-05-16T16:42:57.033147Z,35.5,46.1,No saludable para grupos sensibles
227965,PrepaTec EGS Aulas 2,2025-05-16T16:42:57.033147Z,39.3,51.6,No saludable para grupos sensibles
228003,EGL-Jardín Robótica,2025-05-16T16:42:57.033147Z,36.3,50.1,No saludable para grupos sensibles
228383,Estadio Banorte,2025-05-16T16:42:57.033147Z,40.0,47.9,No saludable para grupos sensibles
228389,PEGS-Sensor-Canchas,2025-05-16T16:42:57.033147Z,44.4,55.1,No saludable para grupos sensibles
228407,CEDES,2025-05-16T16:42:57.033147Z,39.4,50.6,No saludable para grupos sensibles
228549,Rectoria,2025-05-16T16:42:57.033147Z,0.0,0.0,Bueno
228555,EGL-JARDÍN ROB,2025-05-16T16:42:57.033147Z,36.2,46.6,No saludable para grupos sensibles
33027,Lagos del Bosque,2025-05-16T16:54:38.027128Z,32.1,47.8,No saludable para grupos sensibles
33117,Liceo de Monterrey,2025-05-16T16:54:38.027128Z,42.1,63.8,No saludable
34441,Callejon de los Ayala,2025-05-16T16:54:38.027128Z,20.1,33.0,Moderado
34499,San Patricio #106,2025-05-16T16:54:38.027128Z,0.2,0.6,Bueno
34511,Rosario,2025-05-16T16:54:38.027128Z,32.2,50.2,No saludable para grupos sensibles
36709,San Roberto International School Campus San Agustin,2025-05-16T16:54:38.027128Z,24.4,36.1,No saludable para grupos sensibles
42211,RF,2025-05-16T16:54:38.027128Z,46.3,67.5,No saludable
43627,Liceo de Monterrey Rosemont,2025-05-16T16:54:38.027128Z,32.2,47.4,No saludable para grupos sensibles
45769,Huascaran,2025-05-16T16:54:38.027128Z,34.5,49.3,No saludable para grupos sensibles
46599,Esponosa,2025-05-16T16:54:38.027128Z,20.5,27.0,Moderado
47233,Colegio Israelita de Mty,2025-05-16T16:54:38.027128Z,15.3,19.2,Moderado
49949,El Horizonte,2025-05-16T16:54:38.027128Z,34.3,50.5,No saludable para grupos sensibles
50555,Treviño,2025-05-16T16:54:38.027128Z,30.8,46.4,No saludable para grupos sensibles
50871,TEC Garza Laguera,2025-05-16T16:54:38.027128Z,99.3,112.8,No saludable
60027,Torre Koi,2025-05-16T16:54:38.027128Z,35.6,51.8,No saludable para grupos sensibles
62831,Koi IdeI,2025-05-16T16:54:38.027128Z,14.1,20.9,Moderado
71091,JNAirCare,2025-05-16T16:54:38.027128Z,27.7,45.3,No saludable para grupos sensibles
84411,Sima UANL,2025-05-16T16:54:38.027128Z,32.9,48.8,No saludable para grupos sensibles
93711,Sima Prepa Militarizada,2025-05-16T16:54:38.027128Z,21.6,28.5,Moderado
119965,Grupo Reforma El Norte,2025-05-16T16:54:38.027128Z,35.8,52.4,No saludable para grupos sensibles
121719,GrupoReforma La Silla,2025-05-16T16:54:38.027128Z,1.2,4.0,Bueno
142670,Estación de Monitoreo de Calidad del Aire Comité Estatal PAN,2025-05-16T16:54:38.027128Z,34.5,48.3,No saludable para grupos sensibles
147010,Santa Barbara,2025-05-16T16:54:38.027128Z,33.2,46.7,No saludable para grupos sensibles
169221,Imobilem Piso 5,2025-05-16T16:54:38.027128Z,37.0,57.0,No saludable
173083,Palo Blanco,2025-05-16T16:54:38.027128Z,0.0,0.0,Bueno
174781,Colegio Cambridge de Monterrey Campus Mitras,2025-05-16T16:54:38.027128Z,37.9,44.5,No saludable para grupos sensibles
174787,Colegio Cambridge de Monterrey Campus Norte,2025-05-16T16:54:38.027128Z,28.3,36.1,No saludable para grupos sensibles
175081,Cabaña Chipinque,2025-05-16T16:54:38.027128Z,4.4,5.4,Bueno
189431,BEA,2025-05-16T16:54:38.027128Z,34.8,51.9,No saludable para grupos sensibles
189435,Olinalá,2025-05-16T16:54:38.027128Z,38.7,60.9,No saludable
189447,RÍO AMAZONAS - CALZADA NORTE,2025-05-16T16:54:38.027128Z,0.0,0.0,Bueno
189455,CHIPINQUE CAV,2025-05-16T16:54:38.027128Z,41.5,65.2,No saludable
189469,Hospital Zambran Hellion TecSalud,2025-05-16T16:54:38.027128Z,36.3,55.3,No saludable para grupos sensibles
203705,Miguel Alemán,2025-05-16T16:54:38.027128Z,30.7,41.2,No saludable para grupos sensibles
208785,Colegio Cambridge de Monterrey Campus Anáhuac,2025-05-16T16:54:38.027128Z,38.2,47.6,No saludable para grupos sensibles
209147,Rincon de San Jeronimo,2025-05-16T16:54:38.027128Z,37.7,56.0,No saludable
226601,Universidad y Sor Juana Ines de la Cruz,2025-05-16T16:54:38.027128Z,5.4,6.5,Bueno
226615,Andalucia,2025-05-16T16:54:38.027128Z,26.3,36.4,No saludable para grupos sensibles
227585,Impladem,2025-05-16T16:54:38.027128Z,32.8,41.0,No saludable para grupos sensibles
227879,Rectoria,2025-05-16T16:54:38.027128Z,40.0,50.9,No saludable para grupos sensibles
227889,Parque Central,2025-05-16T16:54:38.027128Z,35.6,47.2,No saludable para grupos sensibles
227913,Centro de Congresos,2025-05-16T16:54:38.027128Z,38.7,49.4,No saludable para grupos sensibles
227925,Jardín de las carreras,2025-05-16T16:54:38.027128Z,35.4,45.9,No saludable para grupos sensibles
227965,PrepaTec EGS Aulas 2,2025-05-16T16:54:38.027128Z,42.9,55.1,No saludable para grupos sensibles
228003,EGL-Jardín Robótica,2025-05-16T16:54:38.027128Z,36.2,49.3,No saludable para grupos sensibles
228383,Estadio Banorte,2025-05-16T16:54:38.027128Z,39.1,46.8,No saludable para grupos sensibles
228389,PEGS-Sensor-Canchas,2025-05-16T16:54:38.027128Z,46.2,56.9,No saludable
228407,CEDES,2025-05-16T16:54:38.027128Z,39.9,51.1,No saludable para grupos sensibles
228549,Rectoria,2025-05-16T16:54:38.027128Z,0.0,0.0,Bueno
228555,EGL-JARDÍN ROB,2025-05-16T16:54:38.027128Z,37.1,47.2,No saludable para grupos sensibles
33027,Lagos del Bosque,2025-05-16T16:59:58.570442Z,32.2,47.6,No saludable para grupos sensibles
33117,Liceo de Monterrey,2025-05-16T16:59:58.570442Z,39.3,58.6,No saludable
34441,Callejon de los Ayala,2025-05-16T16:59:58.570442Z,20.2,32.5,Moderado
34499,San Patricio #106,2025-05-16T16:59:58.570442Z,0.0,0.0,Bueno
34511,Rosario,2025-05-16T16:59:58.570442Z,32.4,50.8,No saludable para grupos sensibles
36709,San Roberto International School Campus San Agustin,2025-05-16T16:59:58.570442Z,24.3,36.2,No saludable para grupos sensibles
42211,RF,2025-05-16T16:59:58.570442Z,46.6,65.1,No saludable
43627,Liceo de Monterrey Rosemont,2025-05-16T16:59:58.570442Z,34.0,49.8,No saludable para grupos sensibles
45769,Huascaran,2025-05-16T16:59:58.570442Z,34.8,50.0,No saludable para grupos sensibles
46599,Esponosa,2025-05-16T16:59:58.570442Z,18.7,25.5,Moderado
47233,Colegio Israelita de Mty,2025-05-16T16:59:58.570442Z,15.3,19.2,Moderado
49949,El Horizonte,2025-05-16T16:59:58.570442Z,34.6,50.9,No saludable para grupos sensibles
50555,Treviño,2025-05-16T16:59:58.570442Z,30.7,46.1,No saludable para grupos sensibles
50871,TEC Garza Laguera,2025-05-16T16:59:58.570442Z,89.6,103.4,No saludable
60027,Torre Koi,2025-05-16T16:59:58.570442Z,35.0,50.5,No saludable para grupos sensibles
62831,Koi IdeI,2025-05-16T16:59:58.570442Z,15.6,22.6,Moderado
71091,JNAirCare,2025-05-16T16:59:58.570442Z,26.9,42.4,No saludable para grupos sensibles
84411,Sima UANL,2025-05-16T16:59:58.570442Z,31.5,48.0,No saludable para grupos sensibles
93711,Sima Prepa Militarizada,2025-05-16T16:59:58.570442Z,21.6,28.5,Moderado
119965,Grupo Reforma El Norte,2025-05-16T16:59:58.570442Z,35.2,50.8,No saludable para grupos sensibles
121719,GrupoReforma La Silla,2025-05-16T16:59:58.570442Z,1.2,4.0,Bueno
142670,Estación de Monitoreo de Calidad del Aire Comité Estatal PAN,2025-05-16T16:59:58.570442Z,34.8,48.7,No saludable para grupos sensibles
147010,Santa Barbara,2025-05-16T16:59:58.570442Z,33.4,46.7,No saludable para grupos sensibles
169221,Imobilem Piso 5,2025-05-16T16:59:58.570442Z,37.8,58.2,No saludable
173083,Palo Blanco,2025-05-16T16:59:58.570442Z,0.0,0.0,Bueno
174781,Colegio Cambridge de Monterrey Campus Mitras,2025-05-16T16:59:58.570442Z,36.8,44.3,No saludable para grupos sensibles
174787,Colegio Cambridge de Monterrey Campus Norte,2025-05-16T16:59:58.570442Z,29.0,36.6,No saludable para grupos sensibles
175081,Cabaña Chipinque,2025-05-16T16:59:58.570442Z,4.4,5.4,Bueno
189431,BEA,2025-05-16T16:59:58.570442Z,35.8,52.7,No saludable para grupos sensibles
189435,Olinalá,2025-05-16T16:59:58.570442Z,39.1,61.9,No saludable
189447,RÍO AMAZONAS - CALZADA NORTE,2025-05-16T16:59:58.570442Z,0.0,0.0,Bueno
189455,CHIPINQUE CAV,2025-05-16T16:59:58.570442Z,41.5,67.0,No saludable
189469,Hospital Zambran Hellion TecSalud,2025-05-16T16:59:58.570442Z,38.3,58.0,No saludable
203705,Miguel Alemán,2025-05-16T16:59:58.570442Z,31.0,42.0,No saludable para grupos sensibles
208785,Colegio Cambridge de Monterrey Campus Anáhuac,2025-05-16T16:59:58.570442Z,39.6,48.4,No saludable para grupos sensibles
209147,Rincon de San Jeronimo,2025-05-16T16:59:58.570442Z,37.9,56.5,No saludable
226601,Universidad y Sor Juana Ines de la Cruz,2025-05-16T16:59:58.570442Z,5.4,6.5,Bueno
226615,Andalucia,2025-05-16T16:59:58.570442Z,26.0,35.9,No saludable para grupos sensibles
227585,Impladem,2025-05-16T16:59:58.570442Z,33.3,41.2,No saludable para grupos sensibles
227879,Rectoria,2025-05-16T16:59:58.570442Z,41.2,51.0,No saludable para grupos sensibles
227889,Parque Central,2025-05-16T16:59:58.570442Z,35.6,47.2,No saludable para grupos sensibles
227913,Centro de Congresos,2025-05-16T16:59:58.570442Z,40.1,50.3,No saludable para grupos sensibles
227925,Jardín de las carreras,2025-05-16T16:59:58.570442Z,36.6,46.2,No saludable para grupos sensibles
227965,PrepaTec EGS Aulas 2,2025-05-16T16:59:58.570442Z,40.0,51.7,No saludable para grupos sensibles
228003,EGL-Jardín Robótica,2025-05-16T16:59:58.570442Z,35.9,49.4,No saludable para grupos sensibles
228383,Estadio Banorte,2025-05-16T16:59:58.570442Z,41.4,48.7,No saludable para grupos sensibles
228389,PEGS-Sensor-Canchas,2025-05-16T16:59:58.570442Z,45.8,56.4,No saludable
228407,CEDES,2025-05-16T16:59:58.570442Z,39.0,50.3,No saludable para grupos sensibles
228549,Rectoria,2025-05-16T16:59:58.570442Z,0.0,0.0,Bueno
228555,EGL-JARDÍN ROB,2025-05-16T16:59:58.570442Z,36.2,46.3,No saludable para grupos sensibles
33027,Lagos del Bosque,2025-05-16T17:01:22.119108Z,32.2,48.4,No saludable para grupos sensibles
33117,Liceo de Monterrey,2025-05-16T17:01:22.119108Z,39.3,58.6,No saludable
34441,Callejon de los Ayala,2025-05-16T17:01:22.119108Z,21.1,33.8,Moderado
34499,San Patricio #106,2025-05-16T17:01:22.119108Z,0.0,0.0,Bueno
34511,Rosario,2025-05-16T17:01:22.119108Z,32.8,51.0,No saludable para grupos sensibles
36709,San Roberto International School Campus San Agustin,2025-05-16T17:01:22.119108Z,21.7,32.6,Moderado
42211,RF,2025-05-16T17:01:22.119108Z,47.0,66.2,No saludable
43627,Liceo de Monterrey Rosemont,2025-05-16T17:01:22.119108Z,36.0,54.0,No saludable para grupos sensibles
45769,Huascaran,2025-05-16T17:01:22.119108Z,34.6,49.2,No saludable para grupos sensibles
46599,Esponosa,2025-05-16T17:01:22.119108Z,18.7,25.5,Moderado
47233,Colegio Israelita de Mty,2025-05-16T17:01:22.119108Z,15.3,19.2,Moderado
49949,El Horizonte,2025-05-16T17:01:22.119108Z,34.6,50.9,No saludable para grupos sensibles
50555,Treviño,2025-05-16T17:01:22.119108Z,30.7,46.1,No saludable para grupos sensibles
50871,TEC Garza Laguera,2025-05-16T17:01:22.119108Z,89.6,103.4,No saludable
60027,Torre Koi,2025-05-16T17:01:22.119108Z,35.0,50.5,No saludable para grupos sensibles
62831,Koi IdeI,2025-05-16T17:01:22.119108Z,17.5,23.6,Moderado
71091,JNAirCare,2025-05-16T17:01:22.119108Z,27.6,42.9,No saludable para grupos sensibles
84411,Sima UANL,2025-05-16T17:01:22.119108Z,31.8,47.4,No saludable para grupos sensibles
93711,Sima Prepa Militarizada,2025-05-16T17:01:22.119108Z,21.6,28.5,Moderado
119965,Grupo Reforma El Norte,2025-05-16T17:01:22.119108Z,35.0,51.0,No saludable para grupos sensibles
121719,GrupoReforma La Silla,2025-05-16T17:01:22.119108Z,1.2,4.0,Bueno
142670,Estación de Monitoreo de Calidad del Aire Comité Estatal PAN,2025-05-16T17:01:22.119108Z,35.3,49.7,No saludable para grupos sensibles
147010,Santa Barbara,2025-05-16T17:01:22.119108Z,33.4,46.5,No saludable para grupos sensibles
169221,Imobilem Piso 5,2025-05-16T17:01:22.119108Z,38.8,60.4,No saludable
173083,Palo Blanco,2025-05-16T17:01:22.119108Z,0.0,0.0,Bueno
174781,Colegio Cambridge de Monterrey Campus Mitras,2025-05-16T17:01:22.119108Z,36.6,44.2,No saludable para grupos sensibles
174787,Colegio Cambridge de Monterrey Campus Norte,2025-05-16T17:01:22.119108Z,29.0,36.2,No saludable para grupos sensibles
175081,Cabaña Chipinque,2025-05-16T17:01:22.119108Z,4.4,5.4,Bueno
189431,BEA,2025-05-16T17:01:22.119108Z,35.4,52.9,No saludable para grupos sensibles
189435,Olinalá,2025-05-16T17:01:22.119108Z,39.8,63.9,No saludable
189447,RÍO AMAZONAS - CALZADA NORTE,2025-05-16T17:01:22.119108Z,0.0,0.0,Bueno
189455,CHIPINQUE CAV,2025-05-16T17:01:22.119108Z,38.6,61.4,No saludable
189469,Hospital Zambran Hellion TecSalud,2025-05-16T17:01:22.119108Z,36.3,55.6,No saludable
203705,Miguel Alemán,2025-05-16T17:01:22.119108Z,32.4,42.7,No saludable para grupos sensibles
208785,Colegio Cambridge de Monterrey Campus Anáhuac,2025-05-16T17:01:22.119108Z,40.2,48.8,No saludable para grupos sensibles
209147,Rincon de San Jeronimo,2025-05-16T17:01:22.119108Z,37.3,55.6,No saludable
226601,Universidad y Sor Juana Ines de la Cruz,2025-05-16T17:01:22.119108Z,5.4,6.5,Bueno
226615,Andalucia,2025-05-16T17:01:22.119108Z,26.1,35.6,No saludable para grupos sensibles
227585,Impladem,2025-05-16T17:01:22.119108Z,34.4,42.4,No saludable para grupos sensibles
227879,Rectoria,2025-05-16T17:01:22.119108Z,40.5,50.8,No saludable para grupos sensibles
227889,Parque Central,2025-05-16T17:01:22.119108Z,35.6,47.2,No saludable para grupos sensibles
227913,Centro de Congresos,2025-05-16T17:01:22.119108Z,40.1,50.3,No saludable para grupos sensibles
227925,Jardín de las carreras,2025-05-16T17:01:22.119108Z,36.6,46.2,No saludable para grupos sensibles
227965,PrepaTec EGS Aulas 2,2025-05-16T17:01:22.119108Z,39.4,51.7,No saludable para grupos sensibles
228003,EGL-Jardín Robótica,2025-05-16T17:01:22.119108Z,35.8,49.8,No saludable para grupos sensibles
228383,Estadio Banorte,2025-05-16T17:01:22.119108Z,40.3,47.9,No saludable para grupos sensibles
228389,PEGS-Sensor-Canchas,2025-05-16T17:01:22.119108Z,45.2,55.6,No saludable
228407,CEDES,2025-05-16T17:01:22.119108Z,39.8,50.6,No saludable para grupos sensibles
228549,Rectoria,2025-05-16T17:01:22.119108Z,0.0,0.0,Bueno
228555,EGL-JARDÍN ROB,2025-05-16T17:01:22.119108Z,35.2,45.5,No saludable para grupos sensibles
118909,Colorines,2025-05-16T17:01:22.119108Z,4718.3,4718.3,Peligroso
33027,Lagos del Bosque,2025-05-16T17:07:32.834434Z,32.6,48.1,No saludable para grupos sensibles
33117,Liceo de Monterrey,2025-05-16T17:07:32.834434Z,42.2,63.2,No saludable
34441,Callejon de los Ayala,2025-05-16T17:07:32.834434Z,21.9,35.0,Moderado
34499,San Patricio #106,2025-05-16T17:07:32.834434Z,0.0,0.0,Bueno
34511,Rosario,2025-05-16T17:07:32.834434Z,33.2,52.0,No saludable para grupos sensibles
36709,San Roberto International School Campus San Agustin,2025-05-16T17:07:32.834434Z,25.6,38.5,No saludable para grupos sensibles
42211,RF,2025-05-16T17:07:32.834434Z,47.1,66.7,No saludable
43627,Liceo de Monterrey Rosemont,2025-05-16T17:07:32.834434Z,33.1,48.7,No saludable para grupos sensibles
45769,Huascaran,2025-05-16T17:07:32.834434Z,36.4,51.0,No saludable para grupos sensibles
46599,Esponosa,2025-05-16T17:07:32.834434Z,18.7,25.5,Moderado
47233,Colegio Israelita de Mty,2025-05-16T17:07:32.834434Z,15.3,19.2,Moderado
49949,El Horizonte,2025-05-16T17:07:32.834434Z,33.8,49.9,No saludable para grupos sensibles
50555,Treviño,2025-05-16T17:07:32.834434Z,31.1,46.6,No saludable para grupos sensibles
50871,TEC Garza Laguera,2025-05-16T17:07:32.834434Z,85.0,98.5,No saludable
60027,Torre Koi,2025-05-16T17:07:32.834434Z,33.9,48.8,No saludable para grupos sensibles
62831,Koi IdeI,2025-05-16T17:07:32.834434Z,16.1,23.1,Moderado
71091,JNAirCare,2025-05-16T17:07:32.834434Z,27.9,44.1,No saludable para grupos sensibles
84411,Sima UANL,2025-05-16T17:07:32.834434Z,33.2,48.8,No saludable para grupos sensibles
93711,Sima Prepa Militarizada,2025-05-16T17:07:32.834434Z,21.6,28.5,Moderado
119965,Grupo Reforma El Norte,2025-05-16T17:07:32.834434Z,36.3,51.7,No saludable para grupos sensibles
121719,GrupoReforma La Silla,2025-05-16T17:07:32.834434Z,1.2,4.0,Bueno
142670,Estación de Monitoreo de Calidad del Aire Comité Estatal PAN,2025-05-16T17:07:32.834434Z,35.5,50.2,No saludable para grupos sensibles
147010,Santa Barbara,2025-05-16T17:07:32.834434Z,33.4,46.9,No saludable para grupos sensibles
169221,Imobilem Piso 5,2025-05-16T17:07:32.834434Z,38.6,59.2,No saludable
173083,Palo Blanco,2025-05-16T17:07:32.834434Z,0.0,0.0,Bueno
174781,Colegio Cambridge de Monterrey Campus Mitras,2025-05-16T17:07:32.834434Z,35.8,43.7,No saludable para grupos sensibles
174787,Colegio Cambridge de Monterrey Campus Norte,2025-05-16T17:07:32.834434Z,28.4,35.1,Moderado
175081,Cabaña Chipinque,2025-05-16T17:07:32.834434Z,4.4,5.4,Bueno
189431,BEA,2025-05-16T17:07:32.834434Z,35.4,51.9,No saludable para grupos sensibles
189435,Olinalá,2025-05-16T17:07:32.834434Z,39.8,63.0,No saludable
189447,RÍO AMAZONAS - CALZADA NORTE,2025-05-16T17:07:32.834434Z,0.0,0.0,Bueno
189455,CHIPINQUE CAV,2025-05-16T17:07:32.834434Z,41.9,66.1,No saludable
189469,Hospital Zambran Hellion TecSalud,2025-05-16T17:07:32.834434Z,38.0,56.7,No saludable
203705,Miguel Alemán,2025-05-16T17:07:32.834434Z,28.9,39.0,No saludable para grupos sensibles
208785,Colegio Cambridge de Monterrey Campus Anáhuac,2025-05-16T17:07:32.834434Z,38.5,47.4,No saludable para grupos sensibles
209147,Rincon de San Jeronimo,2025-05-16T17:07:32.834434Z,38.6,57.9,No saludable
226601,Universidad y Sor Juana Ines de la Cruz,2025-05-16T17:07:32.834434Z,5.4,6.5,Bueno
226615,Andalucia,2025-05-16T17:07:32.834434Z,26.0,35.5,No saludable para grupos sensibles
227585,Impladem,2025-05-16T17:07:32.834434Z,33.3,41.5,No saludable para grupos sensibles
227879,Rectoria,2025-05-16T17:07:32.834434Z,40.8,51.3,No saludable para grupos sensibles
227889,Parque Central,2025-05-16T17:07:32.834434Z,39.2,49.4,No saludable para grupos sensibles
227913,Centro de Congresos,2025-05-16T17:07:32.834434Z,39.4,49.6,No saludable para grupos sensibles
227925,Jardín de las carreras,2025-05-16T17:07:32.834434Z,36.5,46.7,No saludable para grupos sensibles
227965,PrepaTec EGS Aulas 2,2025-05-16T17:07:32.834434Z,41.5,53.8,No saludable para grupos sensibles
228003,EGL-Jardín Robótica,2025-05-16T17:07:32.834434Z,36.8,49.7,No saludable para grupos sensibles
228383,Estadio Banorte,2025-05-16T17:07:32.834434Z,39.2,46.7,No saludable para grupos sensibles
228389,PEGS-Sensor-Canchas,2025-05-16T17:07:32.834434Z,45.5,55.7,No saludable
228407,CEDES,2025-05-16T17:07:32.834434Z,39.7,50.4,No saludable para grupos sensibles
228549,Rectoria,2025-05-16T17:07:32.834434Z,0.0,0.0,Bueno
228555,EGL-JARDÍN ROB,2025-05-16T17:07:32.834434Z,34.0,44.5,No saludable para grupos sensibles
33027,Lagos del Bosque,2025-05-16T17:15:26.497740Z,32.6,48.3,No saludable para grupos sensibles
33117,Liceo de Monterrey,2025-05-16T17:15:26.497740Z,42.6,64.7,No saludable
34441,Callejon de los Ayala,2025-05-16T17:15:26.497740Z,21.8,35.2,Moderado
34499,San Patricio #106,2025-05-16T17:15:26.497740Z,0.0,0.0,Bueno
34511,Rosario,2025-05-16T17:15:26.497740Z,33.4,51.7,No saludable para grupos sensibles
36709,San Roberto International School Campus San Agustin,2025-05-16T17:15:26.497740Z,23.9,35.5,No saludable para grupos sensibles
42211,RF,2025-05-16T17:15:26.497740Z,47.7,66.0,No saludable
43627,Liceo de Monterrey Rosemont,2025-05-16T17:15:26.497740Z,33.3,48.9,No saludable para grupos sensibles
45769,Huascaran,2025-05-16T17:15:26.497740Z,35.5,49.9,No saludable para grupos sensibles
46599,Esponosa,2025-05-16T17:15:26.497740Z,18.7,25.5,Moderado
47233,Colegio Israelita de Mty,2025-05-16T17:15:26.497740Z,15.3,19.2,Moderado
49949,El Horizonte,2025-05-16T17:15:26.497740Z,35.4,52.8,No saludable para grupos sensibles
50555,Treviño,2025-05-16T17:15:26.497740Z,32.3,48.3,No saludable para grupos sensibles
50871,TEC Garza Laguera,2025-05-16T17:15:26.497740Z,72.0,85.8,No saludable
60027,Torre Koi,2025-05-16T17:15:26.497740Z,35.1,50.4,No saludable para grupos sensibles
62831,Koi IdeI,2025-05-16T17:15:26.497740Z,16.9,24.9,Moderado
71091,JNAirCare,2025-05-16T17:15:26.497740Z,27.0,43.1,No saludable para grupos sensibles
84411,Sima UANL,2025-05-16T17:15:26.497740Z,31.8,47.3,No saludable para grupos sensibles
93711,Sima Prepa Militarizada,2025-05-16T17:15:26.497740Z,21.6,28.5,Moderado
119965,Grupo Reforma El Norte,2025-05-16T17:15:26.497740Z,37.0,53.3,No saludable para grupos sensibles
121719,GrupoReforma La Silla,2025-05-16T17:15:26.497740Z,1.2,4.0,Bueno
142670,Estación de Monitoreo de Calidad del Aire Comité Estatal PAN,2025-05-16T17:15:26.497740Z,38.3,54.2,No saludable para grupos sensibles
147010,Santa Barbara,2025-05-16T17:15:26.497740Z,34.4,48.1,No saludable para grupos sensibles
169221,Imobilem Piso 5,2025-05-16T17:15:26.497740Z,39.6,60.7,No saludable
173083,Palo Blanco,2025-05-16T17:15:26.497740Z,0.0,0.0,Bueno
174781,Colegio Cambridge de Monterrey Campus Mitras,2025-05-16T17:15:26.497740Z,37.9,45.2,No saludable para grupos sensibles
174787,Colegio Cambridge de Monterrey Campus Norte,2025-05-16T17:15:26.497740Z,28.7,35.9,No saludable para grupos sensibles
175081,Cabaña Chipinque,2025-05-16T17:15:26.497740Z,4.4,5.4,Bueno
189431,BEA,2025-05-16T17:15:26.497740Z,35.9,53.1,No saludable para grupos sensibles
189435,Olinalá,2025-05-16T17:15:26.497740Z,40.6,63.1,No saludable
189447,RÍO AMAZONAS - CALZADA NORTE,2025-05-16T17:15:26.497740Z,0.0,0.0,Bueno
189455,CHIPINQUE CAV,2025-05-16T17:15:26.497740Z,40.6,63.6,No saludable
189469,Hospital Zambran Hellion TecSalud,2025-05-16T17:15:26.497740Z,38.4,58.2,No saludable
203705,Miguel Alemán,2025-05-16T17:15:26.497740Z,31.0,41.0,No saludable para grupos sensibles
208785,Colegio Cambridge de Monterrey Campus Anáhuac,2025-05-16T17:15:26.497740Z,40.4,47.5,No saludable para grupos sensibles
209147,Rincon de San Jeronimo,2025-05-16T17:15:26.497740Z,38.8,56.5,No saludable
226601,Universidad y Sor Juana Ines de la Cruz,2025-05-16T17:15:26.497740Z,5.4,6.5,Bueno
226615,Andalucia,2025-05-16T17:15:26.497740Z,25.4,35.0,Moderado
227585,Impladem,2025-05-16T17:15:26.497740Z,34.1,41.8,No saludable para grupos sensibles
227879,Rectoria,2025-05-16T17:15:26.497740Z,42.3,51.9,No saludable para grupos sensibles
227889,Parque Central,2025-05-16T17:15:26.497740Z,35.6,47.2,No saludable para grupos sensibles
227913,Centro de Congresos,2025-05-16T17:15:26.497740Z,39.8,50.2,No saludable para grupos sensibles
227925,Jardín de las carreras,2025-05-16T17:15:26.497740Z,36.2,46.4,No saludable para grupos sensibles
227965,PrepaTec EGS Aulas 2,2025-05-16T17:15:26.497740Z,41.0,52.4,No saludable para grupos sensibles
228003,EGL-Jardín Robótica,2025-05-16T17:15:26.497740Z,34.6,48.6,No saludable para grupos sensibles
228383,Estadio Banorte,2025-05-16T17:15:26.497740Z,40.1,48.0,No saludable para grupos sensibles
228389,PEGS-Sensor-Canchas,2025-05-16T17:15:26.497740Z,46.5,56.8,No saludable
228407,CEDES,2025-05-16T17:15:26.497740Z,40.1,50.8,No saludable para grupos sensibles
228549,Rectoria,2025-05-16T17:15:26.497740Z,0.0,0.0,Bueno
228555,EGL-JARDÍN ROB,2025-05-16T17:15:26.497740Z,37.3,46.2,No saludable para grupos sensibles
33027,Lagos del Bosque,2025-05-16T17:30:45.014891Z,33.6,49.6,No saludable para grupos sensibles
33117,Liceo de Monterrey,2025-05-16T17:30:45.014891Z,42.8,65.1,No saludable
34441,Callejon de los Ayala,2025-05-16T17:30:45.014891Z,22.5,36.9,No saludable para grupos sensibles
34499,San Patricio #106,2025-05-16T17:30:45.014891Z,0.0,0.0,Bueno
34511,Rosario,2025-05-16T17:30:45.014891Z,34.6,54.2,No saludable para grupos sensibles
36709,San Roberto International School Campus San Agustin,2025-05-16T17:30:45.014891Z,24.5,36.3,No saludable para grupos sensibles
42211,RF,2025-05-16T17:30:45.014891Z,47.7,69.4,No saludable
43627,Liceo de Monterrey Rosemont,2025-05-16T17:30:45.014891Z,32.4,47.2,No saludable para grupos sensibles
45769,Huascaran,2025-05-16T17:30:45.014891Z,36.2,49.9,No saludable para grupos sensibles
46599,Esponosa,2025-05-16T17:30:45.014891Z,18.7,25.5,Moderado
47233,Colegio Israelita de Mty,2025-05-16T17:30:45.014891Z,15.3,19.2,Moderado
49949,El Horizonte,2025-05-16T17:30:45.014891Z,35.0,52.3,No saludable para grupos sensibles
50555,Treviño,2025-05-16T17:30:45.014891Z,33.3,49.9,No saludable para grupos sensibles
50871,TEC Garza Laguera,2025-05-16T17:30:45.014891Z,62.8,76.8,No saludable
60027,Torre Koi,2025-05-16T17:30:45.014891Z,35.8,51.5,No saludable para grupos sensibles
62831,Koi IdeI,2025-05-16T17:30:45.014891Z,17.9,25.9,Moderado
71091,JNAirCare,2025-05-16T17:30:45.014891Z,28.4,44.9,No saludable para grupos sensibles
84411,Sima UANL,2025-05-16T17:30:45.014891Z,31.8,46.9,No saludable para grupos sensibles
93711,Sima Prepa Militarizada,2025-05-16T17:30:45.014891Z,21.6,28.5,Moderado
119965,Grupo Reforma El Norte,2025-05-16T17:30:45.014891Z,37.3,52.9,No saludable para grupos sensibles
121719,GrupoReforma La Silla,2025-05-16T17:30:45.014891Z,1.2,4.0,Bueno
142670,Estación de Monitoreo de Calidad del Aire Comité Estatal PAN,2025-05-16T17:30:45.014891Z,36.8,52.2,No saludable para grupos sensibles
147010,Santa Barbara,2025-05-16T17:30:45.014891Z,35.1,48.5,No saludable para grupos sensibles
169221,Imobilem Piso 5,2025-05-16T17:30:45.014891Z,39.7,60.2,No saludable
173083,Palo Blanco,2025-05-16T17:30:45.014891Z,0.0,0.0,Bueno
174781,Colegio Cambridge de Monterrey Campus Mitras,2025-05-16T17:30:45.014891Z,35.2,42.9,No saludable para grupos sensibles
174787,Colegio Cambridge de Monterrey Campus Norte,2025-05-16T17:30:45.014891Z,30.4,37.7,No saludable para grupos sensibles
175081,Cabaña Chipinque,2025-05-16T17:30:45.014891Z,4.4,5.4,Bueno
189431,BEA,2025-05-16T17:30:45.014891Z,37.1,54.8,No saludable para grupos sensibles
189435,Olinalá,2025-05-16T17:30:45.014891Z,41.9,65.9,No saludable
189447,RÍO AMAZONAS - CALZADA NORTE,2025-05-16T17:30:45.014891Z,0.0,0.0,Bueno
189455,CHIPINQUE CAV,2025-05-16T17:30:45.014891Z,39.4,61.5,No saludable
189469,Hospital Zambran Hellion TecSalud,2025-05-16T17:30:45.014891Z,41.2,62.3,No saludable
203705,Miguel Alemán,2025-05-16T17:30:45.014891Z,27.7,37.7,No saludable para grupos sensibles
208785,Colegio Cambridge de Monterrey Campus Anáhuac,2025-05-16T17:30:45.014891Z,40.6,48.2,No saludable para grupos sensibles
209147,Rincon de San Jeronimo,2025-05-16T17:30:45.014891Z,39.6,58.6,No saludable
226601,Universidad y Sor Juana Ines de la Cruz,2025-05-16T17:30:45.014891Z,5.4,6.5,Bueno
226615,Andalucia,2025-05-16T17:30:45.014891Z,25.3,34.7,Moderado
227585,Impladem,2025-05-16T17:30:45.014891Z,35.2,42.7,No saludable para grupos sensibles
227879,Rectoria,2025-05-16T17:30:45.014891Z,42.7,51.7,No saludable para grupos sensibles
227889,Parque Central,2025-05-16T17:30:45.014891Z,39.8,49.7,No saludable para grupos sensibles
227913,Centro de Congresos,2025-05-16T17:30:45.014891Z,40.1,49.8,No saludable para grupos sensibles
227925,Jardín de las carreras,2025-05-16T17:30:45.014891Z,36.9,46.9,No saludable para grupos sensibles
227965,PrepaTec EGS Aulas 2,2025-05-16T17:30:45.014891Z,41.4,52.3,No saludable para grupos sensibles
228003,EGL-Jardín Robótica,2025-05-16T17:30:45.014891Z,37.2,49.9,No saludable para grupos sensibles
228383,Estadio Banorte,2025-05-16T17:30:45.014891Z,40.1,47.9,No saludable para grupos sensibles
228389,PEGS-Sensor-Canchas,2025-05-16T17:30:45.014891Z,45.6,55.8,No saludable
228407,CEDES,2025-05-16T17:30:45.014891Z,41.1,51.2,No saludable para grupos sensibles
228549,Rectoria,2025-05-16T17:30:45.014891Z,0.0,0.0,Bueno
228555,EGL-JARDÍN ROB,2025-05-16T17:30:45.014891Z,39.2,47.3,No saludable para grupos sensibles
33027,Lagos del Bosque,2025-05-16T17:31:54.032408Z,33.6,49.6,No saludable para grupos sensibles
33117,Liceo de Monterrey,2025-05-16T17:31:54.032408Z,42.8,65.1,No saludable
34441,Callejon de los Ayala,2025-05-16T17:31:54.032408Z,22.5,36.9,No saludable para grupos sensibles
34499,San Patricio #106,2025-05-16T17:31:54.032408Z,0.8,1.2,Bueno
34511,Rosario,2025-05-16T17:31:54.032408Z,34.6,54.2,No saludable para grupos sensibles
36709,San Roberto International School Campus San Agustin,2025-05-16T17:31:54.032408Z,26.3,38.5,No saludable para grupos sensibles
42211,RF,2025-05-16T17:31:54.032408Z,49.5,70.8,No saludable
43627,Liceo de Monterrey Rosemont,2025-05-16T17:31:54.032408Z,32.4,47.4,No saludable para grupos sensibles
45769,Huascaran,2025-05-16T17:31:54.032408Z,36.7,52.1,No saludable para grupos sensibles
46599,Esponosa,2025-05-16T17:31:54.032408Z,18.7,25.5,Moderado
47233,Colegio Israelita de Mty,2025-05-16T17:31:54.032408Z,15.3,19.2,Moderado
49949,El Horizonte,2025-05-16T17:31:54.032408Z,34.8,51.8,No saludable para grupos sensibles
50555,Treviño,2025-05-16T17:31:54.032408Z,33.3,49.9,No saludable para grupos sensibles
50871,TEC Garza Laguera,2025-05-16T17:31:54.032408Z,56.2,70.3,No saludable
60027,Torre Koi,2025-05-16T17:31:54.032408Z,35.8,51.5,No saludable para grupos sensibles
62831,Koi IdeI,2025-05-16T17:31:54.032408Z,18.8,27.7,Moderado
71091,JNAirCare,2025-05-16T17:31:54.032408Z,30.0,46.1,No saludable para grupos sensibles
84411,Sima UANL,2025-05-16T17:31:54.032408Z,31.8,46.9,No saludable para grupos sensibles
93711,Sima Prepa Militarizada,2025-05-16T17:31:54.032408Z,21.6,28.5,Moderado
119965,Grupo Reforma El Norte,2025-05-16T17:31:54.032408Z,36.6,52.8,No saludable para grupos sensibles
121719,GrupoReforma La Silla,2025-05-16T17:31:54.032408Z,1.2,4.0,Bueno
142670,Estación de Monitoreo de Calidad del Aire Comité Estatal PAN,2025-05-16T17:31:54.032408Z,36.8,52.2,No saludable para grupos sensibles
147010,Santa Barbara,2025-05-16T17:31:54.032408Z,34.0,47.9,No saludable para grupos sensibles
169221,Imobilem Piso 5,2025-05-16T17:31:54.032408Z,39.2,59.5,No saludable
173083,Palo Blanco,2025-05-16T17:31:54.032408Z,0.0,0.0,Bueno
174781,Colegio Cambridge de Monterrey Campus Mitras,2025-05-16T17:31:54.032408Z,35.2,42.9,No saludable para grupos sensibles
174787,Colegio Cambridge de Monterrey Campus Norte,2025-05-16T17:31:54.032408Z,30.7,39.0,No saludable para grupos sensibles
175081,Cabaña Chipinque,2025-05-16T17:31:54.032408Z,4.4,5.4,Bueno
189431,BEA,2025-05-16T17:31:54.032408Z,36.8,54.5,No saludable para grupos sensibles
189435,Olinalá,2025-05-16T17:31:54.032408Z,41.3,65.5,No saludable
189447,RÍO AMAZONAS - CALZADA NORTE,2025-05-16T17:31:54.032408Z,0.0,0.0,Bueno
189455,CHIPINQUE CAV,2025-05-16T17:31:54.032408Z,39.4,61.5,No saludable
189469,Hospital Zambran Hellion TecSalud,2025-05-16T17:31:54.032408Z,41.2,62.3,No saludable
203705,Miguel Alemán,2025-05-16T17:31:54.032408Z,29.5,40.0,No saludable para grupos sensibles
208785,Colegio Cambridge de Monterrey Campus Anáhuac,2025-05-16T17:31:54.032408Z,38.8,47.1,No saludable para grupos sensibles
209147,Rincon de San Jeronimo,2025-05-16T17:31:54.032408Z,38.0,55.9,No saludable
226601,Universidad y Sor Juana Ines de la Cruz,2025-05-16T17:31:54.032408Z,5.4,6.5,Bueno
226615,Andalucia,2025-05-16T17:31:54.032408Z,25.3,34.7,Moderado
227585,Impladem,2025-05-16T17:31:54.032408Z,36.0,43.1,No saludable para grupos sensibles
227879,Rectoria,2025-05-16T17:31:54.032408Z,42.2,51.1,No saludable para grupos sensibles
227889,Parque Central,2025-05-16T17:31:54.032408Z,39.8,49.7,No saludable para grupos sensibles
227913,Centro de Congresos,2025-05-16T17:31:54.032408Z,40.1,49.8,No saludable para grupos sensibles
227925,Jardín de las carreras,2025-05-16T17:31:54.032408Z,37.0,46.7,No saludable para grupos sensibles
227965,PrepaTec EGS Aulas 2,2025-05-16T17:31:54.032408Z,41.4,52.3,No saludable para grupos sensibles
228003,EGL-Jardín Robótica,2025-05-16T17:31:54.032408Z,37.2,49.9,No saludable para grupos sensibles
228383,Estadio Banorte,2025-05-16T17:31:54.032408Z,40.9,48.3,No saludable para grupos sensibles
228389,PEGS-Sensor-Canchas,2025-05-16T17:31:54.032408Z,45.6,55.8,No saludable
228407,CEDES,2025-05-16T17:31:54.032408Z,41.1,51.2,No saludable para grupos sensibles
228549,Rectoria,2025-05-16T17:31:54.032408Z,0.0,0.0,Bueno
228555,EGL-JARDÍN ROB,2025-05-16T17:31:54.032408Z,39.2,47.3,No saludable para grupos sensibles
33027,Lagos del Bosque,2025-05-16T17:41:02.742865Z,36.7,53.6,No saludable para grupos sensibles
33117,Liceo de Monterrey,2025-05-16T17:41:02.742865Z,46.7,70.1,No saludable
34441,Callejon de los Ayala,2025-05-16T17:41:02.742865Z,22.8,36.6,No saludable para grupos sensibles
34499,San Patricio #106,2025-05-16T17:41:02.742865Z,2.8,3.2,Bueno
34511,Rosario,2025-05-16T17:41:02.742865Z,34.4,54.0,No saludable para grupos sensibles
36709,San Roberto International School Campus San Agustin,2025-05-16T17:41:02.742865Z,27.6,40.8,No saludable para grupos sensibles
42211,RF,2025-05-16T17:41:02.742865Z,49.4,69.9,No saludable
43627,Liceo de Monterrey Rosemont,2025-05-16T17:41:02.742865Z,32.3,47.1,No saludable para grupos sensibles
45769,Huascaran,2025-05-16T17:41:02.742865Z,42.2,58.2,No saludable
46599,Esponosa,2025-05-16T17:41:02.742865Z,23.1,30.6,Moderado
47233,Colegio Israelita de Mty,2025-05-16T17:41:02.742865Z,15.3,19.2,Moderado
49949,El Horizonte,2025-05-16T17:41:02.742865Z,33.2,49.0,No saludable para grupos sensibles
50555,Treviño,2025-05-16T17:41:02.742865Z,34.0,50.5,No saludable para grupos sensibles
50871,TEC Garza Laguera,2025-05-16T17:41:02.742865Z,55.7,69.6,No saludable
60027,Torre Koi,2025-05-16T17:41:02.742865Z,35.7,50.4,No saludable para grupos sensibles
62831,Koi IdeI,2025-05-16T17:41:02.742865Z,19.1,26.7,Moderado
71091,JNAirCare,2025-05-16T17:41:02.742865Z,29.9,49.3,No saludable para grupos sensibles
84411,Sima UANL,2025-05-16T17:41:02.742865Z,31.0,46.1,No saludable para grupos sensibles
93711,Sima Prepa Militarizada,2025-05-16T17:41:02.742865Z,21.6,28.5,Moderado
119965,Grupo Reforma El Norte,2025-05-16T17:41:02.742865Z,36.1,52.4,No saludable para grupos sensibles
121719,GrupoReforma La Silla,2025-05-16T17:41:02.742865Z,1.2,4.0,Bueno
142670,Estación de Monitoreo de Calidad del Aire Comité Estatal PAN,2025-05-16T17:41:02.742865Z,35.2,49.7,No saludable para grupos sensibles
147010,Santa Barbara,2025-05-16T17:41:02.742865Z,35.1,49.1,No saludable para grupos sensibles
169221,Imobilem Piso 5,2025-05-16T17:41:02.742865Z,40.2,61.4,No saludable
173083,Palo Blanco,2025-05-16T17:41:02.742865Z,0.0,0.0,Bueno
174781,Colegio Cambridge de Monterrey Campus Mitras,2025-05-16T17:41:02.742865Z,36.8,43.8,No saludable para grupos sensibles
174787,Colegio Cambridge de Monterrey Campus Norte,2025-05-16T17:41:02.742865Z,30.3,37.6,No saludable para grupos sensibles
175081,Cabaña Chipinque,2025-05-16T17:41:02.742865Z,4.4,5.4,Bueno
189431,BEA,2025-05-16T17:41:02.742865Z,36.3,53.7,No saludable para grupos sensibles
189435,Olinalá,2025-05-16T17:41:02.742865Z,42.6,67.1,No saludable
189447,RÍO AMAZONAS - CALZADA NORTE,2025-05-16T17:41:02.742865Z,0.0,0.0,Bueno
189455,CHIPINQUE CAV,2025-05-16T17:41:02.742865Z,41.9,65.4,No saludable
189469,Hospital Zambran Hellion TecSalud,2025-05-16T17:41:02.742865Z,42.6,65.8,No saludable
203705,Miguel Alemán,2025-05-16T17:41:02.742865Z,28.5,38.7,No saludable para grupos sensibles
208785,Colegio Cambridge de Monterrey Campus Anáhuac,2025-05-16T17:41:02.742865Z,39.6,47.3,No saludable para grupos sensibles
209147,Rincon de San Jeronimo,2025-05-16T17:41:02.742865Z,40.1,59.9,No saludable
226601,Universidad y Sor Juana Ines de la Cruz,2025-05-16T17:41:02.742865Z,5.4,6.5,Bueno
226615,Andalucia,2025-05-16T17:41:02.742865Z,25.6,35.3,Moderado
227585,Impladem,2025-05-16T17:41:02.742865Z,35.0,42.9,No saludable para grupos sensibles
227879,Rectoria,2025-05-16T17:41:02.742865Z,41.6,50.8,No saludable para grupos sensibles
227889,Parque Central,2025-05-16T17:41:02.742865Z,39.8,49.7,No saludable para grupos sensibles
227913,Centro de Congresos,2025-05-16T17:41:02.742865Z,41.5,50.5,No saludable para grupos sensibles
227925,Jardín de las carreras,2025-05-16T17:41:02.742865Z,36.9,46.0,No saludable para grupos sensibles
227965,PrepaTec EGS Aulas 2,2025-05-16T17:41:02.742865Z,40.8,51.5,No saludable para grupos sensibles
228003,EGL-Jardín Robótica,2025-05-16T17:41:02.742865Z,38.4,50.0,No saludable para grupos sensibles
228383,Estadio Banorte,2025-05-16T17:41:02.742865Z,41.2,48.3,No saludable para grupos sensibles
228389,PEGS-Sensor-Canchas,2025-05-16T17:41:02.742865Z,46.1,55.9,No saludable
228407,CEDES,2025-05-16T17:41:02.742865Z,40.6,51.2,No saludable para grupos sensibles
228549,Rectoria,2025-05-16T17:41:02.742865Z,0.0,0.0,Bueno
228555,EGL-JARDÍN ROB,2025-05-16T17:41:02.742865Z,38.0,46.6,No saludable para grupos sensibles
33027,Lagos del Bosque,2025-05-16T17:46:26.612371Z,34.6,50.6,No saludable para grupos sensibles
33117,Liceo de Monterrey,2025-05-16T17:46:26.612371Z,43.3,64.6,No saludable
34441,Callejon de los Ayala,2025-05-16T17:46:26.612371Z,22.1,35.6,No saludable para grupos sensibles
34499,San Patricio #106,2025-05-16T17:46:26.612371Z,0.0,0.0,Bueno
34511,Rosario,2025-05-16T17:46:26.612371Z,34.6,54.3,No saludable para grupos sensibles
36709,San Roberto International School Campus San Agustin,2025-05-16T17:46:26.612371Z,24.4,36.6,No saludable para grupos sensibles
42211,RF,2025-05-16T17:46:26.612371Z,50.8,72.3,No saludable
43627,Liceo de Monterrey Rosemont,2025-05-16T17:46:26.612371Z,32.2,46.8,No saludable para grupos sensibles
45769,Huascaran,2025-05-16T17:46:26.612371Z,39.4,54.4,No saludable para grupos sensibles
46599,Esponosa,2025-05-16T17:46:26.612371Z,22.3,28.8,Moderado
47233,Colegio Israelita de Mty,2025-05-16T17:46:26.612371Z,15.3,19.2,Moderado
49949,El Horizonte,2025-05-16T17:46:26.612371Z,34.6,51.3,No saludable para grupos sensibles
50555,Treviño,2025-05-16T17:46:26.612371Z,34.0,51.0,No saludable para grupos sensibles
50871,TEC Garza Laguera,2025-05-16T17:46:26.612371Z,54.9,69.1,No saludable
60027,Torre Koi,2025-05-16T17:46:26.612371Z,37.6,54.2,No saludable para grupos sensibles
62831,Koi IdeI,2025-05-16T17:46:26.612371Z,19.2,27.2,Moderado
71091,JNAirCare,2025-05-16T17:46:26.612371Z,30.7,47.9,No saludable para grupos sensibles
84411,Sima UANL,2025-05-16T17:46:26.612371Z,31.7,46.0,No saludable para grupos sensibles
93711,Sima Prepa Militarizada,2025-05-16T17:46:26.612371Z,21.6,28.5,Moderado
119965,Grupo Reforma El Norte,2025-05-16T17:46:26.612371Z,35.0,50.9,No saludable para grupos sensibles
121719,GrupoReforma La Silla,2025-05-16T17:46:26.612371Z,1.2,4.0,Bueno
142670,Estación de Monitoreo de Calidad del Aire Comité Estatal PAN,2025-05-16T17:46:26.612371Z,34.6,48.3,No saludable para grupos sensibles
147010,Santa Barbara,2025-05-16T17:46:26.612371Z,34.8,48.6,No saludable para grupos sensibles
169221,Imobilem Piso 5,2025-05-16T17:46:26.612371Z,41.1,61.6,No saludable
173083,Palo Blanco,2025-05-16T17:46:26.612371Z,0.0,0.0,Bueno
174781,Colegio Cambridge de Monterrey Campus Mitras,2025-05-16T17:46:26.612371Z,35.8,43.0,No saludable para grupos sensibles
174787,Colegio Cambridge de Monterrey Campus Norte,2025-05-16T17:46:26.612371Z,29.8,37.1,No saludable para grupos sensibles
175081,Cabaña Chipinque,2025-05-16T17:46:26.612371Z,4.4,5.4,Bueno
189431,BEA,2025-05-16T17:46:26.612371Z,36.3,53.7,No saludable para grupos sensibles
189435,Olinalá,2025-05-16T17:46:26.612371Z,44.4,70.3,No saludable
189447,RÍO AMAZONAS - CALZADA NORTE,2025-05-16T17:46:26.612371Z,0.0,0.0,Bueno
189455,CHIPINQUE CAV,2025-05-16T17:46:26.612371Z,43.1,67.0,No saludable
189469,Hospital Zambran Hellion TecSalud,2025-05-16T17:46:26.612371Z,42.5,63.9,No saludable
203705,Miguel Alemán,2025-05-16T17:46:26.612371Z,29.6,39.8,No saludable para grupos sensibles
208785,Colegio Cambridge de Monterrey Campus Anáhuac,2025-05-16T17:46:26.612371Z,38.3,46.8,No saludable para grupos sensibles
209147,Rincon de San Jeronimo,2025-05-16T17:46:26.612371Z,39.1,57.8,No saludable
226601,Universidad y Sor Juana Ines de la Cruz,2025-05-16T17:46:26.612371Z,5.4,6.5,Bueno
226615,Andalucia,2025-05-16T17:46:26.612371Z,25.4,34.3,Moderado
227585,Impladem,2025-05-16T17:46:26.612371Z,33.5,41.2,No saludable para grupos sensibles
227879,Rectoria,2025-05-16T17:46:26.612371Z,41.2,50.2,No saludable para grupos sensibles
227889,Parque Central,2025-05-16T17:46:26.612371Z,39.8,49.7,No saludable para grupos sensibles
227913,Centro de Congresos,2025-05-16T17:46:26.612371Z,40.8,50.8,No saludable para grupos sensibles
227925,Jardín de las carreras,2025-05-16T17:46:26.612371Z,37.8,47.2,No saludable para grupos sensibles
227965,PrepaTec EGS Aulas 2,2025-05-16T17:46:26.612371Z,42.1,52.3,No saludable para grupos sensibles
228003,EGL-Jardín Robótica,2025-05-16T17:46:26.612371Z,37.8,49.6,No saludable para grupos sensibles
228383,Estadio Banorte,2025-05-16T17:46:26.612371Z,40.0,47.0,No saludable para grupos sensibles
228389,PEGS-Sensor-Canchas,2025-05-16T17:46:26.612371Z,45.7,54.6,No saludable para grupos sensibles
228407,CEDES,2025-05-16T17:46:26.612371Z,39.7,49.9,No saludable para grupos sensibles
228549,Rectoria,2025-05-16T17:46:26.612371Z,0.0,0.0,Bueno
228555,EGL-JARDÍN ROB,2025-05-16T17:46:26.612371Z,34.0,44.1,No saludable para grupos sensibles
33027,Lagos del Bosque,2025-05-16T17:52:19.679931Z,34.5,49.8,No saludable para grupos sensibles
33117,Liceo de Monterrey,2025-05-16T17:52:19.679931Z,43.3,66.1,No saludable
34441,Callejon de los Ayala,2025-05-16T17:52:19.679931Z,22.3,36.0,No saludable para grupos sensibles
34499,San Patricio #106,2025-05-16T17:52:19.679931Z,0.2,0.6,Bueno
34511,Rosario,2025-05-16T17:52:19.679931Z,35.1,54.0,No saludable para grupos sensibles
36709,San Roberto International School Campus San Agustin,2025-05-16T17:52:19.679931Z,25.8,38.0,No saludable para grupos sensibles
42211,RF,2025-05-16T17:52:19.679931Z,52.1,73.4,No saludable
43627,Liceo de Monterrey Rosemont,2025-05-16T17:52:19.679931Z,32.7,48.0,No saludable para grupos sensibles
45769,Huascaran,2025-05-16T17:52:19.679931Z,37.5,52.1,No saludable para grupos sensibles
46599,Esponosa,2025-05-16T17:52:19.679931Z,22.7,30.3,Moderado
47233,Colegio Israelita de Mty,2025-05-16T17:52:19.679931Z,15.3,19.2,Moderado
49949,El Horizonte,2025-05-16T17:52:19.679931Z,34.5,51.2,No saludable para grupos sensibles
50555,Treviño,2025-05-16T17:52:19.679931Z,34.9,51.5,No saludable para grupos sensibles
50871,TEC Garza Laguera,2025-05-16T17:52:19.679931Z,62.9,76.7,No saludable
60027,Torre Koi,2025-05-16T17:52:19.679931Z,36.1,52.2,No saludable para grupos sensibles
62831,Koi IdeI,2025-05-16T17:52:19.679931Z,20.8,29.2,Moderado
71091,JNAirCare,2025-05-16T17:52:19.679931Z,29.7,48.7,No saludable para grupos sensibles
84411,Sima UANL,2025-05-16T17:52:19.679931Z,30.5,45.8,No saludable para grupos sensibles
93711,Sima Prepa Militarizada,2025-05-16T17:52:19.679931Z,21.6,28.5,Moderado
119965,Grupo Reforma El Norte,2025-05-16T17:52:19.679931Z,37.9,53.4,No saludable para grupos sensibles
121719,GrupoReforma La Silla,2025-05-16T17:52:19.679931Z,1.2,4.0,Bueno
142670,Estación de Monitoreo de Calidad del Aire Comité Estatal PAN,2025-05-16T17:52:19.679931Z,34.3,49.0,No saludable para grupos sensibles
147010,Santa Barbara,2025-05-16T17:52:19.679931Z,34.4,48.1,No saludable para grupos sensibles
169221,Imobilem Piso 5,2025-05-16T17:52:19.679931Z,42.3,64.6,No saludable
173083,Palo Blanco,2025-05-16T17:52:19.679931Z,0.0,0.0,Bueno
174781,Colegio Cambridge de Monterrey Campus Mitras,2025-05-16T17:52:19.679931Z,36.1,42.9,No saludable para grupos sensibles
174787,Colegio Cambridge de Monterrey Campus Norte,2025-05-16T17:52:19.679931Z,30.4,38.2,No saludable para grupos sensibles
175081,Cabaña Chipinque,2025-05-16T17:52:19.679931Z,4.4,5.4,Bueno
189431,BEA,2025-05-16T17:52:19.679931Z,37.8,54.8,No saludable para grupos sensibles
189435,Olinalá,2025-05-16T17:52:19.679931Z,43.2,68.9,No saludable
189447,RÍO AMAZONAS - CALZADA NORTE,2025-05-16T17:52:19.679931Z,0.0,0.0,Bueno
189455,CHIPINQUE CAV,2025-05-16T17:52:19.679931Z,42.9,66.9,No saludable
189469,Hospital Zambran Hellion TecSalud,2025-05-16T17:52:19.679931Z,42.1,64.2,No saludable
203705,Miguel Alemán,2025-05-16T17:52:19.679931Z,27.6,37.6,No saludable para grupos sensibles
208785,Colegio Cambridge de Monterrey Campus Anáhuac,2025-05-16T17:52:19.679931Z,37.7,45.9,No saludable para grupos sensibles
209147,Rincon de San Jeronimo,2025-05-16T17:52:19.679931Z,39.3,57.9,No saludable
226601,Universidad y Sor Juana Ines de la Cruz,2025-05-16T17:52:19.679931Z,5.4,6.5,Bueno
226615,Andalucia,2025-05-16T17:52:19.679931Z,25.3,34.6,Moderado
227585,Impladem,2025-05-16T17:52:19.679931Z,34.3,42.3,No saludable para grupos sensibles
227879,Rectoria,2025-05-16T17:52:19.679931Z,40.3,49.5,No saludable para grupos sensibles
227889,Parque Central,2025-05-16T17:52:19.679931Z,39.8,49.7,No saludable para grupos sensibles
227913,Centro de Congresos,2025-05-16T17:52:19.679931Z,40.2,49.7,No saludable para grupos sensibles
227925,Jardín de las carreras,2025-05-16T17:52:19.679931Z,36.4,46.6,No saludable para grupos sensibles
227965,PrepaTec EGS Aulas 2,2025-05-16T17:52:19.679931Z,39.5,49.9,No saludable para grupos sensibles
228003,EGL-Jardín Robótica,2025-05-16T17:52:19.679931Z,38.2,50.0,No saludable para grupos sensibles
228383,Estadio Banorte,2025-05-16T17:52:19.679931Z,40.2,47.4,No saludable para grupos sensibles
228389,PEGS-Sensor-Canchas,2025-05-16T17:52:19.679931Z,45.5,55.6,No saludable
228407,CEDES,2025-05-16T17:52:19.679931Z,39.7,49.3,No saludable para grupos sensibles
228549,Rectoria,2025-05-16T17:52:19.679931Z,0.0,0.0,Bueno
228555,EGL-JARDÍN ROB,2025-05-16T17:52:19.679931Z,39.9,47.8,No saludable para grupos sensibles
33027,Lagos del Bosque,2025-05-16T17:57:43.204776Z,34.5,50.6,No saludable para grupos sensibles
33117,Liceo de Monterrey,2025-05-16T17:57:43.204776Z,43.0,65.0,No saludable
34441,Callejon de los Ayala,2025-05-16T17:57:43.204776Z,22.7,36.8,No saludable para grupos sensibles
34499,San Patricio #106,2025-05-16T17:57:43.204776Z,0.9,1.3,Bueno
34511,Rosario,2025-05-16T17:57:43.204776Z,34.4,54.2,No saludable para grupos sensibles
36709,San Roberto International School Campus San Agustin,2025-05-16T17:57:43.204776Z,24.1,35.6,No saludable para grupos sensibles
42211,RF,2025-05-16T17:57:43.204776Z,52.1,72.5,No saludable
43627,Liceo de Monterrey Rosemont,2025-05-16T17:57:43.204776Z,33.2,48.3,No saludable para grupos sensibles
45769,Huascaran,2025-05-16T17:57:43.204776Z,40.5,55.7,No saludable
46599,Esponosa,2025-05-16T17:57:43.204776Z,22.4,30.2,Moderado
47233,Colegio Israelita de Mty,2025-05-16T17:57:43.204776Z,15.3,19.2,Moderado
49949,El Horizonte,2025-05-16T17:57:43.204776Z,34.3,50.7,No saludable para grupos sensibles
50555,Treviño,2025-05-16T17:57:43.204776Z,34.3,50.9,No saludable para grupos sensibles
50871,TEC Garza Laguera,2025-05-16T17:57:43.204776Z,56.2,70.4,No saludable
60027,Torre Koi,2025-05-16T17:57:43.204776Z,36.1,51.5,No saludable para grupos sensibles
62831,Koi IdeI,2025-05-16T17:57:43.204776Z,20.1,27.9,Moderado
71091,JNAirCare,2025-05-16T17:57:43.204776Z,29.2,46.3,No saludable para grupos sensibles
84411,Sima UANL,2025-05-16T17:57:43.204776Z,32.4,47.3,No saludable para grupos sensibles
93711,Sima Prepa Militarizada,2025-05-16T17:57:43.204776Z,21.6,28.5,Moderado
119965,Grupo Reforma El Norte,2025-05-16T17:57:43.204776Z,34.6,50.2,No saludable para grupos sensibles
121719,GrupoReforma La Silla,2025-05-16T17:57:43.204776Z,1.2,4.0,Bueno
142670,Estación de Monitoreo de Calidad del Aire Comité Estatal PAN,2025-05-16T17:57:43.204776Z,34.6,48.5,No saludable para grupos sensibles
147010,Santa Barbara,2025-05-16T17:57:43.204776Z,34.7,48.5,No saludable para grupos sensibles
169221,Imobilem Piso 5,2025-05-16T17:57:43.204776Z,40.6,60.9,No saludable
173083,Palo Blanco,2025-05-16T17:57:43.204776Z,0.0,0.0,Bueno
174781,Colegio Cambridge de Monterrey Campus Mitras,2025-05-16T17:57:43.204776Z,37.3,43.7,No saludable para grupos sensibles
174787,Colegio Cambridge de Monterrey Campus Norte,2025-05-16T17:57:43.204776Z,30.0,37.4,No saludable para grupos sensibles
175081,Cabaña Chipinque,2025-05-16T17:57:43.204776Z,4.4,5.4,Bueno
189431,BEA,2025-05-16T17:57:43.204776Z,36.6,53.5,No saludable para grupos sensibles
189435,Olinalá,2025-05-16T17:57:43.204776Z,44.3,69.9,No saludable
189447,RÍO AMAZONAS - CALZADA NORTE,2025-05-16T17:57:43.204776Z,0.0,0.0,Bueno
189455,CHIPINQUE CAV,2025-05-16T17:57:43.204776Z,42.9,66.5,No saludable
189469,Hospital Zambran Hellion TecSalud,2025-05-16T17:57:43.204776Z,40.7,61.9,No saludable
203705,Miguel Alemán,2025-05-16T17:57:43.204776Z,29.1,38.9,No saludable para grupos sensibles
208785,Colegio Cambridge de Monterrey Campus Anáhuac,2025-05-16T17:57:43.204776Z,36.8,44.8,No saludable para grupos sensibles
209147,Rincon de San Jeronimo,2025-05-16T17:57:43.204776Z,38.5,56.8,No saludable
226601,Universidad y Sor Juana Ines de la Cruz,2025-05-16T17:57:43.204776Z,5.4,6.5,Bueno
226615,Andalucia,2025-05-16T17:57:43.204776Z,24.6,33.9,Moderado
227585,Impladem,2025-05-16T17:57:43.204776Z,34.2,42.3,No saludable para grupos sensibles
227879,Rectoria,2025-05-16T17:57:43.204776Z,40.8,49.4,No saludable para grupos sensibles
227889,Parque Central,2025-05-16T17:57:43.204776Z,39.8,49.7,No saludable para grupos sensibles
227913,Centro de Congresos,2025-05-16T17:57:43.204776Z,39.8,49.8,No saludable para grupos sensibles
227925,Jardín de las carreras,2025-05-16T17:57:43.204776Z,36.7,46.1,No saludable para grupos sensibles
227965,PrepaTec EGS Aulas 2,2025-05-16T17:57:43.204776Z,40.1,50.3,No saludable para grupos sensibles
228003,EGL-Jardín Robótica,2025-05-16T17:57:43.204776Z,39.0,50.4,No saludable para grupos sensibles
228383,Estadio Banorte,2025-05-16T17:57:43.204776Z,39.6,46.6,No saludable para grupos sensibles
228389,PEGS-Sensor-Canchas,2025-05-16T17:57:43.204776Z,45.6,54.8,No saludable para grupos sensibles
228407,CEDES,2025-05-16T17:57:43.204776Z,40.0,49.6,No saludable para grupos sensibles
228549,Rectoria,2025-05-16T17:57:43.204776Z,0.0,0.0,Bueno
228555,EGL-JARDÍN ROB,2025-05-16T17:57:43.204776Z,40.0,48.0,No saludable para grupos sensibles
33027,Lagos del Bosque,2025-05-16T18:18:39.917058Z,35.4,51.9,No saludable para grupos sensibles
33117,Liceo de Monterrey,2025-05-16T18:18:39.917058Z,40.6,59.5,No saludable
34441,Callejon de los Ayala,2025-05-16T18:18:39.917058Z,22.5,36.0,No saludable para grupos sensibles
34499,San Patricio #106,2025-05-16T18:18:39.917058Z,0.2,0.2,Bueno
34511,Rosario,2025-05-16T18:18:39.917058Z,35.1,54.2,No saludable para grupos sensibles
36709,San Roberto International School Campus San Agustin,2025-05-16T18:18:39.917058Z,26.8,39.4,No saludable para grupos sensibles
42211,RF,2025-05-16T18:18:39.917058Z,49.5,71.6,No saludable
43627,Liceo de Monterrey Rosemont,2025-05-16T18:18:39.917058Z,32.2,46.6,No saludable para grupos sensibles
45769,Huascaran,2025-05-16T18:18:39.917058Z,40.3,55.1,No saludable para grupos sensibles
46599,Esponosa,2025-05-16T18:18:39.917058Z,22.1,30.8,Moderado
47233,Colegio Israelita de Mty,2025-05-16T18:18:39.917058Z,15.3,19.2,Moderado
49949,El Horizonte,2025-05-16T18:18:39.917058Z,34.6,51.4,No saludable para grupos sensibles
50555,Treviño,2025-05-16T18:18:39.917058Z,33.2,50.4,No saludable para grupos sensibles
50871,TEC Garza Laguera,2025-05-16T18:18:39.917058Z,70.0,83.5,No saludable
60027,Torre Koi,2025-05-16T18:18:39.917058Z,35.4,51.3,No saludable para grupos sensibles
62831,Koi IdeI,2025-05-16T18:18:39.917058Z,22.5,31.4,Moderado
71091,JNAirCare,2025-05-16T18:18:39.917058Z,45.5,71.7,No saludable
84411,Sima UANL,2025-05-16T18:18:39.917058Z,30.1,44.9,No saludable para grupos sensibles
93711,Sima Prepa Militarizada,2025-05-16T18:18:39.917058Z,21.6,28.5,Moderado
119965,Grupo Reforma El Norte,2025-05-16T18:18:39.917058Z,35.4,50.6,No saludable para grupos sensibles
121719,GrupoReforma La Silla,2025-05-16T18:18:39.917058Z,1.2,4.0,Bueno
142670,Estación de Monitoreo de Calidad del Aire Comité Estatal PAN,2025-05-16T18:18:39.917058Z,33.8,47.3,No saludable para grupos sensibles
147010,Santa Barbara,2025-05-16T18:18:39.917058Z,34.4,48.4,No saludable para grupos sensibles
169221,Imobilem Piso 5,2025-05-16T18:18:39.917058Z,43.2,64.3,No saludable
173083,Palo Blanco,2025-05-16T18:18:39.917058Z,0.0,0.0,Bueno
174781,Colegio Cambridge de Monterrey Campus Mitras,2025-05-16T18:18:39.917058Z,37.0,43.4,No saludable para grupos sensibles
174787,Colegio Cambridge de Monterrey Campus Norte,2025-05-16T18:18:39.917058Z,29.8,37.2,No saludable para grupos sensibles
175081,Cabaña Chipinque,2025-05-16T18:18:39.917058Z,4.4,5.4,Bueno
189431,BEA,2025-05-16T18:18:39.917058Z,34.2,51.3,No saludable para grupos sensibles
189435,Olinalá,2025-05-16T18:18:39.917058Z,44.2,68.9,No saludable
189447,RÍO AMAZONAS - CALZADA NORTE,2025-05-16T18:18:39.917058Z,0.0,0.0,Bueno
189455,CHIPINQUE CAV,2025-05-16T18:18:39.917058Z,45.7,71.2,No saludable
189469,Hospital Zambran Hellion TecSalud,2025-05-16T18:18:39.917058Z,39.4,58.9,No saludable
203705,Miguel Alemán,2025-05-16T18:18:39.917058Z,28.2,38.5,No saludable para grupos sensibles
208785,Colegio Cambridge de Monterrey Campus Anáhuac,2025-05-16T18:18:39.917058Z,35.2,43.7,No saludable para grupos sensibles
209147,Rincon de San Jeronimo,2025-05-16T18:18:39.917058Z,36.8,54.3,No saludable para grupos sensibles
226601,Universidad y Sor Juana Ines de la Cruz,2025-05-16T18:18:39.917058Z,5.4,6.5,Bueno
226615,Andalucia,2025-05-16T18:18:39.917058Z,24.0,32.2,Moderado
227585,Impladem,2025-05-16T18:18:39.917058Z,31.8,40.4,No saludable para grupos sensibles
227879,Rectoria,2025-05-16T18:18:39.917058Z,39.2,48.9,No saludable para grupos sensibles
227889,Parque Central,2025-05-16T18:18:39.917058Z,38.0,47.3,No saludable para grupos sensibles
227913,Centro de Congresos,2025-05-16T18:18:39.917058Z,39.5,49.3,No saludable para grupos sensibles
227925,Jardín de las carreras,2025-05-16T18:18:39.917058Z,35.5,44.9,No saludable para grupos sensibles
227965,PrepaTec EGS Aulas 2,2025-05-16T18:18:39.917058Z,38.9,49.1,No saludable para grupos sensibles
228003,EGL-Jardín Robótica,2025-05-16T18:18:39.917058Z,37.4,48.7,No saludable para grupos sensibles
228383,Estadio Banorte,2025-05-16T18:18:39.917058Z,37.6,45.0,No saludable para grupos sensibles
228389,PEGS-Sensor-Canchas,2025-05-16T18:18:39.917058Z,43.9,52.7,No saludable para grupos sensibles
228407,CEDES,2025-05-16T18:18:39.917058Z,37.4,47.5,No saludable para grupos sensibles
228549,Rectoria,2025-05-16T18:18:39.917058Z,0.0,0.0,Bueno
228555,EGL-JARDÍN ROB,2025-05-16T18:18:39.917058Z,38.4,46.5,No saludable para grupos sensibles
33027,Lagos del Bosque,2025-05-16T18:42:53.376595Z,33.8,49.1,No saludable para grupos sensibles
33117,Liceo de Monterrey,2025-05-16T18:42:53.376595Z,40.5,60.1,No saludable
34441,Callejon de los Ayala,2025-05-16T18:42:53.376595Z,22.1,34.9,Moderado
34499,San Patricio #106,2025-05-16T18:42:53.376595Z,0.0,0.0,Bueno
34511,Rosario,2025-05-16T18:42:53.376595Z,36.1,56.8,No saludable
36709,San Roberto International School Campus San Agustin,2025-05-16T18:42:53.376595Z,23.1,34.1,Moderado
42211,RF,2025-05-16T18:42:53.376595Z,47.0,67.1,No saludable
43627,Liceo de Monterrey Rosemont,2025-05-16T18:42:53.376595Z,33.1,47.8,No saludable para grupos sensibles
45769,Huascaran,2025-05-16T18:42:53.376595Z,39.5,53.3,No saludable para grupos sensibles
46599,Esponosa,2025-05-16T18:42:53.376595Z,22.3,30.8,Moderado
47233,Colegio Israelita de Mty,2025-05-16T18:42:53.376595Z,15.3,19.2,Moderado
49949,El Horizonte,2025-05-16T18:42:53.376595Z,34.1,50.4,No saludable para grupos sensibles
50555,Treviño,2025-05-16T18:42:53.376595Z,33.2,49.5,No saludable para grupos sensibles
50871,TEC Garza Laguera,2025-05-16T18:42:53.376595Z,56.2,69.9,No saludable
60027,Torre Koi,2025-05-16T18:42:53.376595Z,33.6,48.2,No saludable para grupos sensibles
62831,Koi IdeI,2025-05-16T18:42:53.376595Z,24.2,33.6,Moderado
71091,JNAirCare,2025-05-16T18:42:53.376595Z,85.8,133.3,No saludable
84411,Sima UANL,2025-05-16T18:42:53.376595Z,30.4,44.8,No saludable para grupos sensibles
93711,Sima Prepa Militarizada,2025-05-16T18:42:53.376595Z,21.6,28.5,Moderado
119965,Grupo Reforma El Norte,2025-05-16T18:42:53.376595Z,34.9,50.0,No saludable para grupos sensibles
121719,GrupoReforma La Silla,2025-05-16T18:42:53.376595Z,1.2,4.0,Bueno
142670,Estación de Monitoreo de Calidad del Aire Comité Estatal PAN,2025-05-16T18:42:53.376595Z,33.0,46.1,No saludable para grupos sensibles
147010,Santa Barbara,2025-05-16T18:42:53.376595Z,34.2,47.3,No saludable para grupos sensibles
169221,Imobilem Piso 5,2025-05-16T18:42:53.376595Z,45.7,69.9,No saludable
173083,Palo Blanco,2025-05-16T18:42:53.376595Z,0.0,0.0,Bueno
174781,Colegio Cambridge de Monterrey Campus Mitras,2025-05-16T18:42:53.376595Z,35.8,42.7,No saludable para grupos sensibles
174787,Colegio Cambridge de Monterrey Campus Norte,2025-05-16T18:42:53.376595Z,29.3,35.8,No saludable para grupos sensibles
175081,Cabaña Chipinque,2025-05-16T18:42:53.376595Z,4.4,5.4,Bueno
189431,BEA,2025-05-16T18:42:53.376595Z,35.1,51.1,No saludable para grupos sensibles
189435,Olinalá,2025-05-16T18:42:53.376595Z,44.2,69.0,No saludable
189447,RÍO AMAZONAS - CALZADA NORTE,2025-05-16T18:42:53.376595Z,0.0,0.0,Bueno
189455,CHIPINQUE CAV,2025-05-16T18:42:53.376595Z,42.1,65.1,No saludable
189469,Hospital Zambran Hellion TecSalud,2025-05-16T18:42:53.376595Z,36.8,55.0,No saludable para grupos sensibles
203705,Miguel Alemán,2025-05-16T18:42:53.376595Z,28.1,38.3,No saludable para grupos sensibles
208785,Colegio Cambridge de Monterrey Campus Anáhuac,2025-05-16T18:42:53.376595Z,35.3,43.4,No saludable para grupos sensibles
209147,Rincon de San Jeronimo,2025-05-16T18:42:53.376595Z,37.7,55.3,No saludable para grupos sensibles
226601,Universidad y Sor Juana Ines de la Cruz,2025-05-16T18:42:53.376595Z,5.4,6.5,Bueno
226615,Andalucia,2025-05-16T18:42:53.376595Z,22.8,30.4,Moderado
227585,Impladem,2025-05-16T18:42:53.376595Z,30.6,39.4,No saludable para grupos sensibles
227879,Rectoria,2025-05-16T18:42:53.376595Z,39.2,48.3,No saludable para grupos sensibles
227889,Parque Central,2025-05-16T18:42:53.376595Z,36.9,46.5,No saludable para grupos sensibles
227913,Centro de Congresos,2025-05-16T18:42:53.376595Z,38.5,48.5,No saludable para grupos sensibles
227925,Jardín de las carreras,2025-05-16T18:42:53.376595Z,34.3,44.5,No saludable para grupos sensibles
227965,PrepaTec EGS Aulas 2,2025-05-16T18:42:53.376595Z,38.6,49.0,No saludable para grupos sensibles
228003,EGL-Jardín Robótica,2025-05-16T18:42:53.376595Z,33.6,46.8,No saludable para grupos sensibles
228383,Estadio Banorte,2025-05-16T18:42:53.376595Z,36.3,44.1,No saludable para grupos sensibles
228389,PEGS-Sensor-Canchas,2025-05-16T18:42:53.376595Z,42.9,51.9,No saludable para grupos sensibles
228407,CEDES,2025-05-16T18:42:53.376595Z,37.8,48.6,No saludable para grupos sensibles
228549,Rectoria,2025-05-16T18:42:53.376595Z,0.0,0.0,Bueno
228555,EGL-JARDÍN ROB,2025-05-16T18:42:53.376595Z,36.2,45.8,No saludable para grupos sensibles
33027,Lagos del Bosque,2025-05-16T18:53:16.521682Z,33.4,49.1,No saludable para grupos sensibles
33117,Liceo de Monterrey,2025-05-16T18:53:16.521682Z,40.1,59.0,No saludable
34441,Callejon de los Ayala,2025-05-16T18:53:16.521682Z,22.5,36.7,No saludable para grupos sensibles
34499,San Patricio #106,2025-05-16T18:53:16.521682Z,0.0,0.0,Bueno
34511,Rosario,2025-05-16T18:53:16.521682Z,34.8,55.0,No saludable para grupos sensibles
36709,San Roberto International School Campus San Agustin,2025-05-16T18:53:16.521682Z,23.2,34.0,Moderado
42211,RF,2025-05-16T18:53:16.521682Z,47.0,65.8,No saludable
43627,Liceo de Monterrey Rosemont,2025-05-16T18:53:16.521682Z,38.0,51.4,No saludable para grupos sensibles
45769,Huascaran,2025-05-16T18:53:16.521682Z,39.2,53.3,No saludable para grupos sensibles
46599,Esponosa,2025-05-16T18:53:16.521682Z,21.4,29.0,Moderado
47233,Colegio Israelita de Mty,2025-05-16T18:53:16.521682Z,15.3,19.2,Moderado
49949,El Horizonte,2025-05-16T18:53:16.521682Z,33.0,49.3,No saludable para grupos sensibles
50555,Treviño,2025-05-16T18:53:16.521682Z,33.3,49.8,No saludable para grupos sensibles
50871,TEC Garza Laguera,2025-05-16T18:53:16.521682Z,71.5,85.0,No saludable
60027,Torre Koi,2025-05-16T18:53:16.521682Z,32.7,47.3,No saludable para grupos sensibles
62831,Koi IdeI,2025-05-16T18:53:16.521682Z,23.5,33.2,Moderado
71091,JNAirCare,2025-05-16T18:53:16.521682Z,76.0,119.7,No saludable
84411,Sima UANL,2025-05-16T18:53:16.521682Z,29.1,43.3,No saludable para grupos sensibles
93711,Sima Prepa Militarizada,2025-05-16T18:53:16.521682Z,21.6,28.5,Moderado
119965,Grupo Reforma El Norte,2025-05-16T18:53:16.521682Z,33.4,48.3,No saludable para grupos sensibles
121719,GrupoReforma La Silla,2025-05-16T18:53:16.521682Z,1.2,4.0,Bueno
142670,Estación de Monitoreo de Calidad del Aire Comité Estatal PAN,2025-05-16T18:53:16.521682Z,32.0,45.7,No saludable para grupos sensibles
147010,Santa Barbara,2025-05-16T18:53:16.521682Z,34.2,47.7,No saludable para grupos sensibles
169221,Imobilem Piso 5,2025-05-16T18:53:16.521682Z,48.7,74.5,No saludable
173083,Palo Blanco,2025-05-16T18:53:16.521682Z,0.0,0.0,Bueno
174781,Colegio Cambridge de Monterrey Campus Mitras,2025-05-16T18:53:16.521682Z,33.8,41.8,No saludable para grupos sensibles
174787,Colegio Cambridge de Monterrey Campus Norte,2025-05-16T18:53:16.521682Z,29.5,36.8,No saludable para grupos sensibles
175081,Cabaña Chipinque,2025-05-16T18:53:16.521682Z,4.4,5.4,Bueno
189431,BEA,2025-05-16T18:53:16.521682Z,35.4,51.5,No saludable para grupos sensibles
189435,Olinalá,2025-05-16T18:53:16.521682Z,42.2,66.1,No saludable
189447,RÍO AMAZONAS - CALZADA NORTE,2025-05-16T18:53:16.521682Z,0.0,0.0,Bueno
189455,CHIPINQUE CAV,2025-05-16T18:53:16.521682Z,40.8,63.3,No saludable
189469,Hospital Zambran Hellion TecSalud,2025-05-16T18:53:16.521682Z,36.8,55.7,No saludable
203705,Miguel Alemán,2025-05-16T18:53:16.521682Z,28.9,39.9,No saludable para grupos sensibles
208785,Colegio Cambridge de Monterrey Campus Anáhuac,2025-05-16T18:53:16.521682Z,34.4,43.2,No saludable para grupos sensibles
209147,Rincon de San Jeronimo,2025-05-16T18:53:16.521682Z,37.5,54.2,No saludable para grupos sensibles
226601,Universidad y Sor Juana Ines de la Cruz,2025-05-16T18:53:16.521682Z,5.4,6.5,Bueno
226615,Andalucia,2025-05-16T18:53:16.521682Z,22.8,30.2,Moderado
227585,Impladem,2025-05-16T18:53:16.521682Z,29.3,38.0,No saludable para grupos sensibles
227879,Rectoria,2025-05-16T18:53:16.521682Z,38.9,49.2,No saludable para grupos sensibles
227889,Parque Central,2025-05-16T18:53:16.521682Z,36.9,46.7,No saludable para grupos sensibles
227913,Centro de Congresos,2025-05-16T18:53:16.521682Z,39.5,49.6,No saludable para grupos sensibles
227925,Jardín de las carreras,2025-05-16T18:53:16.521682Z,34.2,44.4,No saludable para grupos sensibles
227965,PrepaTec EGS Aulas 2,2025-05-16T18:53:16.521682Z,38.2,49.4,No saludable para grupos sensibles
228003,EGL-Jardín Robótica,2025-05-16T18:53:16.521682Z,36.0,48.5,No saludable para grupos sensibles
228383,Estadio Banorte,2025-05-16T18:53:16.521682Z,35.7,43.8,No saludable para grupos sensibles
228389,PEGS-Sensor-Canchas,2025-05-16T18:53:16.521682Z,43.6,52.1,No saludable para grupos sensibles
228407,CEDES,2025-05-16T18:53:16.521682Z,38.1,49.4,No saludable para grupos sensibles
228549,Rectoria,2025-05-16T18:53:16.521682Z,0.0,0.0,Bueno
228555,EGL-JARDÍN ROB,2025-05-16T18:53:16.521682Z,37.8,46.4,No saludable para grupos sensibles
33027,Lagos del Bosque,2025-05-16T18:58:40.449761Z,33.3,48.7,No saludable para grupos sensibles
33117,Liceo de Monterrey,2025-05-16T18:58:40.449761Z,40.4,59.3,No saludable
34441,Callejon de los Ayala,2025-05-16T18:58:40.449761Z,23.0,37.1,No saludable para grupos sensibles
34499,San Patricio #106,2025-05-16T18:58:40.449761Z,0.0,0.0,Bueno
34511,Rosario,2025-05-16T18:58:40.449761Z,34.3,53.5,No saludable para grupos sensibles
36709,San Roberto International School Campus San Agustin,2025-05-16T18:58:40.449761Z,23.2,34.2,Moderado
42211,RF,2025-05-16T18:58:40.449761Z,46.4,64.6,No saludable
43627,Liceo de Monterrey Rosemont,2025-05-16T18:58:40.449761Z,32.7,47.0,No saludable para grupos sensibles
45769,Huascaran,2025-05-16T18:58:40.449761Z,37.5,51.6,No saludable para grupos sensibles
46599,Esponosa,2025-05-16T18:58:40.449761Z,22.0,28.5,Moderado
47233,Colegio Israelita de Mty,2025-05-16T18:58:40.449761Z,15.3,19.2,Moderado
49949,El Horizonte,2025-05-16T18:58:40.449761Z,33.3,49.4,No saludable para grupos sensibles
50555,Treviño,2025-05-16T18:58:40.449761Z,33.3,49.6,No saludable para grupos sensibles
50871,TEC Garza Laguera,2025-05-16T18:58:40.449761Z,48.9,62.3,No saludable
60027,Torre Koi,2025-05-16T18:58:40.449761Z,33.7,48.4,No saludable para grupos sensibles
62831,Koi IdeI,2025-05-16T18:58:40.449761Z,25.4,36.0,No saludable para grupos sensibles
71091,JNAirCare,2025-05-16T18:58:40.449761Z,71.4,112.0,No saludable
84411,Sima UANL,2025-05-16T18:58:40.449761Z,30.4,44.6,No saludable para grupos sensibles
93711,Sima Prepa Militarizada,2025-05-16T18:58:40.449761Z,21.6,28.5,Moderado
119965,Grupo Reforma El Norte,2025-05-16T18:58:40.449761Z,32.8,47.9,No saludable para grupos sensibles
121719,GrupoReforma La Silla,2025-05-16T18:58:40.449761Z,1.2,4.0,Bueno
142670,Estación de Monitoreo de Calidad del Aire Comité Estatal PAN,2025-05-16T18:58:40.449761Z,31.7,45.9,No saludable para grupos sensibles
147010,Santa Barbara,2025-05-16T18:58:40.449761Z,33.8,47.0,No saludable para grupos sensibles
169221,Imobilem Piso 5,2025-05-16T18:58:40.449761Z,47.1,73.5,No saludable
173083,Palo Blanco,2025-05-16T18:58:40.449761Z,0.0,0.0,Bueno
174781,Colegio Cambridge de Monterrey Campus Mitras,2025-05-16T18:58:40.449761Z,34.5,41.9,No saludable para grupos sensibles
174787,Colegio Cambridge de Monterrey Campus Norte,2025-05-16T18:58:40.449761Z,29.8,37.1,No saludable para grupos sensibles
175081,Cabaña Chipinque,2025-05-16T18:58:40.449761Z,4.4,5.4,Bueno
189431,BEA,2025-05-16T18:58:40.449761Z,35.0,51.3,No saludable para grupos sensibles
189435,Olinalá,2025-05-16T18:58:40.449761Z,42.6,66.7,No saludable
189447,RÍO AMAZONAS - CALZADA NORTE,2025-05-16T18:58:40.449761Z,0.0,0.0,Bueno
189455,CHIPINQUE CAV,2025-05-16T18:58:40.449761Z,41.9,65.4,No saludable
189469,Hospital Zambran Hellion TecSalud,2025-05-16T18:58:40.449761Z,37.1,55.2,No saludable para grupos sensibles
203705,Miguel Alemán,2025-05-16T18:58:40.449761Z,29.6,40.1,No saludable para grupos sensibles
208785,Colegio Cambridge de Monterrey Campus Anáhuac,2025-05-16T18:58:40.449761Z,35.9,44.1,No saludable para grupos sensibles
209147,Rincon de San Jeronimo,2025-05-16T18:58:40.449761Z,36.0,52.9,No saludable para grupos sensibles
226601,Universidad y Sor Juana Ines de la Cruz,2025-05-16T18:58:40.449761Z,5.4,6.5,Bueno
226615,Andalucia,2025-05-16T18:58:40.449761Z,22.5,29.9,Moderado
227585,Impladem,2025-05-16T18:58:40.449761Z,29.6,38.4,No saludable para grupos sensibles
227879,Rectoria,2025-05-16T18:58:40.449761Z,37.9,48.6,No saludable para grupos sensibles
227889,Parque Central,2025-05-16T18:58:40.449761Z,37.9,48.0,No saludable para grupos sensibles
227913,Centro de Congresos,2025-05-16T18:58:40.449761Z,39.7,49.4,No saludable para grupos sensibles
227925,Jardín de las carreras,2025-05-16T18:58:40.449761Z,34.2,44.3,No saludable para grupos sensibles
227965,PrepaTec EGS Aulas 2,2025-05-16T18:58:40.449761Z,37.7,47.9,No saludable para grupos sensibles
228003,EGL-Jardín Robótica,2025-05-16T18:58:40.449761Z,35.1,47.9,No saludable para grupos sensibles
228383,Estadio Banorte,2025-05-16T18:58:40.449761Z,36.2,45.0,No saludable para grupos sensibles
228389,PEGS-Sensor-Canchas,2025-05-16T18:58:40.449761Z,43.0,51.8,No saludable para grupos sensibles
228407,CEDES,2025-05-16T18:58:40.449761Z,38.8,50.0,No saludable para grupos sensibles
228549,Rectoria,2025-05-16T18:58:40.449761Z,0.0,0.0,Bueno
228555,EGL-JARDÍN ROB,2025-05-16T18:58:40.449761Z,36.9,46.4,No saludable para grupos sensibles
33027,Lagos del Bosque,2025-05-16T19:12:41.623805Z,32.2,47.4,No saludable para grupos sensibles
33117,Liceo de Monterrey,2025-05-16T19:12:41.623805Z,37.9,55.8,No saludable
34441,Callejon de los Ayala,2025-05-16T19:12:41.623805Z,22.3,36.0,No saludable para grupos sensibles
34499,San Patricio #106,2025-05-16T19:12:41.623805Z,0.0,0.0,Bueno
34511,Rosario,2025-05-16T19:12:41.623805Z,34.9,54.2,No saludable para grupos sensibles
36709,San Roberto International School Campus San Agustin,2025-05-16T19:12:41.623805Z,21.7,32.0,Moderado
42211,RF,2025-05-16T19:12:41.623805Z,44.6,62.7,No saludable
43627,Liceo de Monterrey Rosemont,2025-05-16T19:12:41.623805Z,33.0,47.2,No saludable para grupos sensibles
45769,Huascaran,2025-05-16T19:12:41.623805Z,38.9,53.5,No saludable para grupos sensibles
46599,Esponosa,2025-05-16T19:12:41.623805Z,21.1,28.9,Moderado
47233,Colegio Israelita de Mty,2025-05-16T19:12:41.623805Z,15.3,19.2,Moderado
49949,El Horizonte,2025-05-16T19:12:41.623805Z,32.5,48.2,No saludable para grupos sensibles
50555,Treviño,2025-05-16T19:12:41.623805Z,33.0,49.7,No saludable para grupos sensibles
50871,TEC Garza Laguera,2025-05-16T19:12:41.623805Z,48.5,61.4,No saludable
60027,Torre Koi,2025-05-16T19:12:41.623805Z,32.2,45.8,No saludable para grupos sensibles
62831,Koi IdeI,2025-05-16T19:12:41.623805Z,26.0,36.7,No saludable para grupos sensibles
71091,JNAirCare,2025-05-16T19:12:41.623805Z,63.0,99.5,No saludable
84411,Sima UANL,2025-05-16T19:12:41.623805Z,29.5,44.1,No saludable para grupos sensibles
93711,Sima Prepa Militarizada,2025-05-16T19:12:41.623805Z,21.6,28.5,Moderado
119965,Grupo Reforma El Norte,2025-05-16T19:12:41.623805Z,32.2,46.5,No saludable para grupos sensibles
121719,GrupoReforma La Silla,2025-05-16T19:12:41.623805Z,1.2,4.0,Bueno
142670,Estación de Monitoreo de Calidad del Aire Comité Estatal PAN,2025-05-16T19:12:41.623805Z,30.7,44.9,No saludable para grupos sensibles
147010,Santa Barbara,2025-05-16T19:12:41.623805Z,34.3,47.6,No saludable para grupos sensibles
169221,Imobilem Piso 5,2025-05-16T19:12:41.623805Z,49.0,73.3,No saludable
173083,Palo Blanco,2025-05-16T19:12:41.623805Z,0.0,0.0,Bueno
174781,Colegio Cambridge de Monterrey Campus Mitras,2025-05-16T19:12:41.623805Z,34.0,41.6,No saludable para grupos sensibles
174787,Colegio Cambridge de Monterrey Campus Norte,2025-05-16T19:12:41.623805Z,30.0,37.3,No saludable para grupos sensibles
175081,Cabaña Chipinque,2025-05-16T19:12:41.623805Z,4.4,5.4,Bueno
189431,BEA,2025-05-16T19:12:41.623805Z,32.4,48.3,No saludable para grupos sensibles
189435,Olinalá,2025-05-16T19:12:41.623805Z,40.9,63.1,No saludable
189447,RÍO AMAZONAS - CALZADA NORTE,2025-05-16T19:12:41.623805Z,0.0,0.0,Bueno
189455,CHIPINQUE CAV,2025-05-16T19:12:41.623805Z,40.0,62.2,No saludable
189469,Hospital Zambran Hellion TecSalud,2025-05-16T19:12:41.623805Z,34.6,52.4,No saludable para grupos sensibles
203705,Miguel Alemán,2025-05-16T19:12:41.623805Z,29.2,40.1,No saludable para grupos sensibles
208785,Colegio Cambridge de Monterrey Campus Anáhuac,2025-05-16T19:12:41.623805Z,37.3,44.6,No saludable para grupos sensibles
209147,Rincon de San Jeronimo,2025-05-16T19:12:41.623805Z,34.6,51.2,No saludable para grupos sensibles
226601,Universidad y Sor Juana Ines de la Cruz,2025-05-16T19:12:41.623805Z,5.4,6.5,Bueno
226615,Andalucia,2025-05-16T19:12:41.623805Z,23.8,31.9,Moderado
227585,Impladem,2025-05-16T19:12:41.623805Z,29.4,38.0,No saludable para grupos sensibles
227879,Rectoria,2025-05-16T19:12:41.623805Z,38.1,48.2,No saludable para grupos sensibles
227889,Parque Central,2025-05-16T19:12:41.623805Z,36.8,47.0,No saludable para grupos sensibles
227913,Centro de Congresos,2025-05-16T19:12:41.623805Z,40.1,50.3,No saludable para grupos sensibles
227925,Jardín de las carreras,2025-05-16T19:12:41.623805Z,34.1,44.2,No saludable para grupos sensibles
227965,PrepaTec EGS Aulas 2,2025-05-16T19:12:41.623805Z,35.6,46.2,No saludable para grupos sensibles
228003,EGL-Jardín Robótica,2025-05-16T19:12:41.623805Z,34.7,47.7,No saludable para grupos sensibles
228383,Estadio Banorte,2025-05-16T19:12:41.623805Z,37.0,45.6,No saludable para grupos sensibles
228389,PEGS-Sensor-Canchas,2025-05-16T19:12:41.623805Z,39.2,48.5,No saludable para grupos sensibles
228407,CEDES,2025-05-16T19:12:41.623805Z,38.3,49.2,No saludable para grupos sensibles
228549,Rectoria,2025-05-16T19:12:41.623805Z,0.0,0.0,Bueno
228555,EGL-JARDÍN ROB,2025-05-16T19:12:41.623805Z,37.3,47.1,No saludable para grupos sensibles
33027,Lagos del Bosque,2025-05-16T19:23:15.567652Z,32.5,48.3,No saludable para grupos sensibles
33117,Liceo de Monterrey,2025-05-16T19:23:15.567652Z,38.9,57.1,No saludable
34441,Callejon de los Ayala,2025-05-16T19:23:15.567652Z,21.9,34.3,Moderado
34499,San Patricio #106,2025-05-16T19:23:15.567652Z,0.0,0.0,Bueno
34511,Rosario,2025-05-16T19:23:15.567652Z,34.5,53.1,No saludable para grupos sensibles
36709,San Roberto International School Campus San Agustin,2025-05-16T19:23:15.567652Z,21.8,31.6,Moderado
42211,RF,2025-05-16T19:23:15.567652Z,41.0,57.5,No saludable
43627,Liceo de Monterrey Rosemont,2025-05-16T19:23:15.567652Z,33.0,47.2,No saludable para grupos sensibles
45769,Huascaran,2025-05-16T19:23:15.567652Z,38.7,51.9,No saludable para grupos sensibles
46599,Esponosa,2025-05-16T19:23:15.567652Z,20.0,26.7,Moderado
47233,Colegio Israelita de Mty,2025-05-16T19:23:15.567652Z,15.3,19.2,Moderado
49949,El Horizonte,2025-05-16T19:23:15.567652Z,32.5,47.9,No saludable para grupos sensibles
50555,Treviño,2025-05-16T19:23:15.567652Z,31.6,47.4,No saludable para grupos sensibles
50871,TEC Garza Laguera,2025-05-16T19:23:15.567652Z,53.3,67.8,No saludable
60027,Torre Koi,2025-05-16T19:23:15.567652Z,31.6,44.7,No saludable para grupos sensibles
62831,Koi IdeI,2025-05-16T19:23:15.567652Z,25.2,37.0,No saludable para grupos sensibles
71091,JNAirCare,2025-05-16T19:23:15.567652Z,58.4,92.3,No saludable
84411,Sima UANL,2025-05-16T19:23:15.567652Z,30.0,44.9,No saludable para grupos sensibles
93711,Sima Prepa Militarizada,2025-05-16T19:23:15.567652Z,21.6,28.5,Moderado
119965,Grupo Reforma El Norte,2025-05-16T19:23:15.567652Z,31.3,45.5,No saludable para grupos sensibles
121719,GrupoReforma La Silla,2025-05-16T19:23:15.567652Z,1.2,4.0,Bueno
142670,Estación de Monitoreo de Calidad del Aire Comité Estatal PAN,2025-05-16T19:23:15.567652Z,30.7,45.5,No saludable para grupos sensibles
147010,Santa Barbara,2025-05-16T19:23:15.567652Z,34.2,47.4,No saludable para grupos sensibles
169221,Imobilem Piso 5,2025-05-16T19:23:15.567652Z,48.3,73.3,No saludable
173083,Palo Blanco,2025-05-16T19:23:15.567652Z,0.0,0.0,Bueno
174781,Colegio Cambridge de Monterrey Campus Mitras,2025-05-16T19:23:15.567652Z,33.4,41.6,No saludable para grupos sensibles
174787,Colegio Cambridge de Monterrey Campus Norte,2025-05-16T19:23:15.567652Z,30.0,37.3,No saludable para grupos sensibles
175081,Cabaña Chipinque,2025-05-16T19:23:15.567652Z,4.4,5.4,Bueno
189431,BEA,2025-05-16T19:23:15.567652Z,33.1,49.1,No saludable para grupos sensibles
189435,Olinalá,2025-05-16T19:23:15.567652Z,40.8,62.5,No saludable
189447,RÍO AMAZONAS - CALZADA NORTE,2025-05-16T19:23:15.567652Z,0.0,0.0,Bueno
189455,CHIPINQUE CAV,2025-05-16T19:23:15.567652Z,38.3,59.2,No saludable
189469,Hospital Zambran Hellion TecSalud,2025-05-16T19:23:15.567652Z,34.7,51.9,No saludable para grupos sensibles
203705,Miguel Alemán,2025-05-16T19:23:15.567652Z,29.1,40.3,No saludable para grupos sensibles
208785,Colegio Cambridge de Monterrey Campus Anáhuac,2025-05-16T19:23:15.567652Z,37.0,44.8,No saludable para grupos sensibles
209147,Rincon de San Jeronimo,2025-05-16T19:23:15.567652Z,34.3,50.6,No saludable para grupos sensibles
226601,Universidad y Sor Juana Ines de la Cruz,2025-05-16T19:23:15.567652Z,5.4,6.5,Bueno
226615,Andalucia,2025-05-16T19:23:15.567652Z,23.4,31.3,Moderado
227585,Impladem,2025-05-16T19:23:15.567652Z,29.7,38.4,No saludable para grupos sensibles
227879,Rectoria,2025-05-16T19:23:15.567652Z,36.6,46.8,No saludable para grupos sensibles
227889,Parque Central,2025-05-16T19:23:15.567652Z,34.9,45.1,No saludable para grupos sensibles
227913,Centro de Congresos,2025-05-16T19:23:15.567652Z,36.4,47.1,No saludable para grupos sensibles
227925,Jardín de las carreras,2025-05-16T19:23:15.567652Z,32.8,43.2,No saludable para grupos sensibles
227965,PrepaTec EGS Aulas 2,2025-05-16T19:23:15.567652Z,35.9,46.8,No saludable para grupos sensibles
228003,EGL-Jardín Robótica,2025-05-16T19:23:15.567652Z,38.3,50.8,No saludable para grupos sensibles
228383,Estadio Banorte,2025-05-16T19:23:15.567652Z,35.3,44.3,No saludable para grupos sensibles
228389,PEGS-Sensor-Canchas,2025-05-16T19:23:15.567652Z,41.3,50.0,No saludable para grupos sensibles
228407,CEDES,2025-05-16T19:23:15.567652Z,35.5,47.1,No saludable para grupos sensibles
228549,Rectoria,2025-05-16T19:23:15.567652Z,0.0,0.0,Bueno
228555,EGL-JARDÍN ROB,2025-05-16T19:23:15.567652Z,40.0,48.9,No saludable para grupos sensibles
33027,Lagos del Bosque,2025-05-16T19:28:42.555231Z,33.4,49.7,No saludable para grupos sensibles
33117,Liceo de Monterrey,2025-05-16T19:28:42.555231Z,37.8,55.5,No saludable
34441,Callejon de los Ayala,2025-05-16T19:28:42.555231Z,21.6,35.3,Moderado
34499,San Patricio #106,2025-05-16T19:28:42.555231Z,1.0,1.4,Bueno
34511,Rosario,2025-05-16T19:28:42.555231Z,34.3,52.9,No saludable para grupos sensibles
36709,San Roberto International School Campus San Agustin,2025-05-16T19:28:42.555231Z,22.2,32.8,Moderado
42211,RF,2025-05-16T19:28:42.555231Z,42.7,60.0,No saludable
43627,Liceo de Monterrey Rosemont,2025-05-16T19:28:42.555231Z,33.0,47.2,No saludable para grupos sensibles
45769,Huascaran,2025-05-16T19:28:42.555231Z,39.3,52.9,No saludable para grupos sensibles
46599,Esponosa,2025-05-16T19:28:42.555231Z,20.5,27.0,Moderado
47233,Colegio Israelita de Mty,2025-05-16T19:28:42.555231Z,15.3,19.2,Moderado
49949,El Horizonte,2025-05-16T19:28:42.555231Z,32.5,48.2,No saludable para grupos sensibles
50555,Treviño,2025-05-16T19:28:42.555231Z,32.0,47.8,No saludable para grupos sensibles
50871,TEC Garza Laguera,2025-05-16T19:28:42.555231Z,55.8,70.6,No saludable
60027,Torre Koi,2025-05-16T19:28:42.555231Z,31.6,45.0,No saludable para grupos sensibles
62831,Koi IdeI,2025-05-16T19:28:42.555231Z,26.2,37.2,No saludable para grupos sensibles
71091,JNAirCare,2025-05-16T19:28:42.555231Z,55.8,86.7,No saludable
84411,Sima UANL,2025-05-16T19:28:42.555231Z,29.9,44.6,No saludable para grupos sensibles
93711,Sima Prepa Militarizada,2025-05-16T19:28:42.555231Z,21.6,28.5,Moderado
119965,Grupo Reforma El Norte,2025-05-16T19:28:42.555231Z,31.7,45.9,No saludable para grupos sensibles
121719,GrupoReforma La Silla,2025-05-16T19:28:42.555231Z,1.2,4.0,Bueno
142670,Estación de Monitoreo de Calidad del Aire Comité Estatal PAN,2025-05-16T19:28:42.555231Z,30.5,45.1,No saludable para grupos sensibles
147010,Santa Barbara,2025-05-16T19:28:42.555231Z,33.9,47.1,No saludable para grupos sensibles
169221,Imobilem Piso 5,2025-05-16T19:28:42.555231Z,49.8,73.9,No saludable
173083,Palo Blanco,2025-05-16T19:28:42.555231Z,0.0,0.0,Bueno
174781,Colegio Cambridge de Monterrey Campus Mitras,2025-05-16T19:28:42.555231Z,35.7,43.2,No saludable para grupos sensibles
174787,Colegio Cambridge de Monterrey Campus Norte,2025-05-16T19:28:42.555231Z,31.3,39.1,No saludable para grupos sensibles
175081,Cabaña Chipinque,2025-05-16T19:28:42.555231Z,4.4,5.4,Bueno
189431,BEA,2025-05-16T19:28:42.555231Z,34.3,50.3,No saludable para grupos sensibles
189435,Olinalá,2025-05-16T19:28:42.555231Z,42.7,65.4,No saludable
189447,RÍO AMAZONAS - CALZADA NORTE,2025-05-16T19:28:42.555231Z,0.0,0.0,Bueno
189455,CHIPINQUE CAV,2025-05-16T19:28:42.555231Z,39.6,59.8,No saludable
189469,Hospital Zambran Hellion TecSalud,2025-05-16T19:28:42.555231Z,34.0,50.6,No saludable para grupos sensibles
203705,Miguel Alemán,2025-05-16T19:28:42.555231Z,27.8,38.8,No saludable para grupos sensibles
208785,Colegio Cambridge de Monterrey Campus Anáhuac,2025-05-16T19:28:42.555231Z,36.4,44.6,No saludable para grupos sensibles
209147,Rincon de San Jeronimo,2025-05-16T19:28:42.555231Z,34.9,51.7,No saludable para grupos sensibles
226601,Universidad y Sor Juana Ines de la Cruz,2025-05-16T19:28:42.555231Z,5.4,6.5,Bueno
226615,Andalucia,2025-05-16T19:28:42.555231Z,23.1,30.7,Moderado
227585,Impladem,2025-05-16T19:28:42.555231Z,30.2,39.0,No saludable para grupos sensibles
227879,Rectoria,2025-05-16T19:28:42.555231Z,36.0,47.1,No saludable para grupos sensibles
227889,Parque Central,2025-05-16T19:28:42.555231Z,38.4,48.4,No saludable para grupos sensibles
227913,Centro de Congresos,2025-05-16T19:28:42.555231Z,39.2,49.4,No saludable para grupos sensibles
227925,Jardín de las carreras,2025-05-16T19:28:42.555231Z,34.5,44.7,No saludable para grupos sensibles
227965,PrepaTec EGS Aulas 2,2025-05-16T19:28:42.555231Z,36.0,46.4,No saludable para grupos sensibles
228003,EGL-Jardín Robótica,2025-05-16T19:28:42.555231Z,39.3,51.3,No saludable para grupos sensibles
228383,Estadio Banorte,2025-05-16T19:28:42.555231Z,40.3,47.4,No saludable para grupos sensibles
228389,PEGS-Sensor-Canchas,2025-05-16T19:28:42.555231Z,39.6,48.8,No saludable para grupos sensibles
228407,CEDES,2025-05-16T19:28:42.555231Z,36.9,48.6,No saludable para grupos sensibles
228549,Rectoria,2025-05-16T19:28:42.555231Z,0.0,0.0,Bueno
228555,EGL-JARDÍN ROB,2025-05-16T19:28:42.555231Z,41.6,50.0,No saludable para grupos sensibles
33027,Lagos del Bosque,2025-05-16T19:36:24.503838Z,34.3,50.2,No saludable para grupos sensibles
33117,Liceo de Monterrey,2025-05-16T19:36:24.503838Z,37.4,54.9,No saludable para grupos sensibles
34441,Callejon de los Ayala,2025-05-16T19:36:24.503838Z,22.4,35.8,No saludable para grupos sensibles
34499,San Patricio #106,2025-05-16T19:36:24.503838Z,0.1,0.1,Bueno
34511,Rosario,2025-05-16T19:36:24.503838Z,34.6,53.4,No saludable para grupos sensibles
36709,San Roberto International School Campus San Agustin,2025-05-16T19:36:24.503838Z,21.6,31.8,Moderado
42211,RF,2025-05-16T19:36:24.503838Z,41.9,58.4,No saludable
43627,Liceo de Monterrey Rosemont,2025-05-16T19:36:24.503838Z,31.1,44.5,No saludable para grupos sensibles
45769,Huascaran,2025-05-16T19:36:24.503838Z,38.6,52.1,No saludable para grupos sensibles
46599,Esponosa,2025-05-16T19:36:24.503838Z,20.3,27.5,Moderado
47233,Colegio Israelita de Mty,2025-05-16T19:36:24.503838Z,15.3,19.2,Moderado
49949,El Horizonte,2025-05-16T19:36:24.503838Z,31.9,47.4,No saludable para grupos sensibles
50555,Treviño,2025-05-16T19:36:24.503838Z,31.7,47.5,No saludable para grupos sensibles
50871,TEC Garza Laguera,2025-05-16T19:36:24.503838Z,67.7,82.5,No saludable
60027,Torre Koi,2025-05-16T19:36:24.503838Z,30.4,43.1,No saludable para grupos sensibles
62831,Koi IdeI,2025-05-16T19:36:24.503838Z,26.6,36.1,No saludable para grupos sensibles
71091,JNAirCare,2025-05-16T19:36:24.503838Z,50.9,81.4,No saludable
84411,Sima UANL,2025-05-16T19:36:24.503838Z,30.6,45.8,No saludable para grupos sensibles
93711,Sima Prepa Militarizada,2025-05-16T19:36:24.503838Z,21.6,28.5,Moderado
119965,Grupo Reforma El Norte,2025-05-16T19:36:24.503838Z,31.4,45.6,No saludable para grupos sensibles
121719,GrupoReforma La Silla,2025-05-16T19:36:24.503838Z,1.2,4.0,Bueno
142670,Estación de Monitoreo de Calidad del Aire Comité Estatal PAN,2025-05-16T19:36:24.503838Z,30.2,44.2,No saludable para grupos sensibles
147010,Santa Barbara,2025-05-16T19:36:24.503838Z,33.9,47.2,No saludable para grupos sensibles
169221,Imobilem Piso 5,2025-05-16T19:36:24.503838Z,48.8,76.2,No saludable
173083,Palo Blanco,2025-05-16T19:36:24.503838Z,0.0,0.0,Bueno
174781,Colegio Cambridge de Monterrey Campus Mitras,2025-05-16T19:36:24.503838Z,33.6,41.8,No saludable para grupos sensibles
174787,Colegio Cambridge de Monterrey Campus Norte,2025-05-16T19:36:24.503838Z,29.7,36.7,No saludable para grupos sensibles
175081,Cabaña Chipinque,2025-05-16T19:36:24.503838Z,4.4,5.4,Bueno
189431,BEA,2025-05-16T19:36:24.503838Z,31.5,46.9,No saludable para grupos sensibles
189435,Olinalá,2025-05-16T19:36:24.503838Z,41.6,64.2,No saludable
189447,RÍO AMAZONAS - CALZADA NORTE,2025-05-16T19:36:24.503838Z,0.0,0.0,Bueno
189455,CHIPINQUE CAV,2025-05-16T19:36:24.503838Z,40.2,62.2,No saludable
189469,Hospital Zambran Hellion TecSalud,2025-05-16T19:36:24.503838Z,34.0,51.2,No saludable para grupos sensibles
203705,Miguel Alemán,2025-05-16T19:36:24.503838Z,29.0,39.7,No saludable para grupos sensibles
208785,Colegio Cambridge de Monterrey Campus Anáhuac,2025-05-16T19:36:24.503838Z,36.7,44.1,No saludable para grupos sensibles
209147,Rincon de San Jeronimo,2025-05-16T19:36:24.503838Z,34.2,50.8,No saludable para grupos sensibles
226601,Universidad y Sor Juana Ines de la Cruz,2025-05-16T19:36:24.503838Z,5.4,6.5,Bueno
226615,Andalucia,2025-05-16T19:36:24.503838Z,22.4,30.0,Moderado
227585,Impladem,2025-05-16T19:36:24.503838Z,30.5,39.0,No saludable para grupos sensibles
227879,Rectoria,2025-05-16T19:36:24.503838Z,42.8,52.4,No saludable para grupos sensibles
227889,Parque Central,2025-05-16T19:36:24.503838Z,40.9,49.2,No saludable para grupos sensibles
227913,Centro de Congresos,2025-05-16T19:36:24.503838Z,43.7,53.0,No saludable para grupos sensibles
227925,Jardín de las carreras,2025-05-16T19:36:24.503838Z,36.6,46.5,No saludable para grupos sensibles
227965,PrepaTec EGS Aulas 2,2025-05-16T19:36:24.503838Z,35.3,46.1,No saludable para grupos sensibles
228003,EGL-Jardín Robótica,2025-05-16T19:36:24.503838Z,39.0,51.2,No saludable para grupos sensibles
228383,Estadio Banorte,2025-05-16T19:36:24.503838Z,40.1,47.6,No saludable para grupos sensibles
228389,PEGS-Sensor-Canchas,2025-05-16T19:36:24.503838Z,39.4,48.6,No saludable para grupos sensibles
228407,CEDES,2025-05-16T19:36:24.503838Z,41.8,52.8,No saludable para grupos sensibles
228549,Rectoria,2025-05-16T19:36:24.503838Z,0.0,0.0,Bueno
228555,EGL-JARDÍN ROB,2025-05-16T19:36:24.503838Z,42.6,52.1,No saludable para grupos sensibles
